ShipKey,FabLocID,FabLocName,ShipID,ActualShipDate,ShipDate,ShipStatusDescr,ShipStatusID,JobID,JobName,CustomerID,CustomerName,ShipWeight,LoadID,ShipAddressLine1,ShipAddressLine2,ShipAddressCity,ShipAddressState,ShipAddressPostalCode,ShipKey,OrderID,OrderDescr,CtrlCode,Product,ProductDescr,ProductType,ProductCategory,ProductCategoryDescr,BarSizeID,GradeID,InventoryQty,InventoryUM,SalesQty,SalesUM
449,KEN,Kent,ST-469,2024-04-17T00:00:00,2024-04-18T00:00:00,Shipped,S,CS-24045,LMC South Park,STEGIN,Stegin Structural Concrete,224.4511,L496,Will Call @ PSS,,Kent,WA,98032,449,O-0001463,Stair Footings,AANT,RB0360,Rebar Black #3 Grade 60,Inventory,Bar,Rebar Category,3,60,142.0,lbs,142.13,lbs
449,KEN,Kent,ST-469,2024-04-17T00:00:00,2024-04-18T00:00:00,Shipped,S,CS-24045,LMC South Park,STEGIN,Stegin Structural Concrete,224.4511,L496,Will Call @ PSS,,Kent,WA,98032,449,O-0001463,Stair Footings,AANT,RB0460,Rebar Black #4 Grade 60,Inventory,Bar,Rebar Category,4,60,273.0,lbs,272.54,lbs
449,KEN,Kent,ST-469,2024-04-17T00:00:00,2024-04-18T00:00:00,Shipped,S,CS-24045,LMC South Park,STEGIN,Stegin Structural Concrete,224.4511,L496,Will Call @ PSS,,Kent,WA,98032,449,O-0001463,Stair Footings,AANT,RB0460,Rebar Black #4 Grade 60,Inventory,Bar,Rebar Category,4,60,80.0,lbs,80.16,lbs
452,KEN,Kent,ST-472,2024-04-17T00:00:00,2024-04-18T00:00:00,Shipped,S,23-80,Boeing Bldg 40 - 81/82,SKANSKA,"Skanska, USA",5724.9753,L437,3003 WEST CASINO ROAD,,Everett,WA,98208,452,O-0001358,RET WALL FTGS (SECTION B-WEST),7AQ5,RB0460,Rebar Black #4 Grade 60,Inventory,Bar,Rebar Category,4,60,138.0,lbs,146.96,lbs
452,KEN,Kent,ST-472,2024-04-17T00:00:00,2024-04-18T00:00:00,Shipped,S,23-80,Boeing Bldg 40 - 81/82,SKANSKA,"Skanska, USA",5724.9753,L437,3003 WEST CASINO ROAD,,Everett,WA,98208,452,O-0001358,RET WALL FTGS (SECTION B-WEST),7AQ5,RB0560,Rebar Black #5 Grade 60,Inventory,Bar,Rebar Category,5,60,80.0,lbs,83.18,lbs
452,KEN,Kent,ST-472,2024-04-17T00:00:00,2024-04-18T00:00:00,Shipped,S,23-80,Boeing Bldg 40 - 81/82,SKANSKA,"Skanska, USA",5724.9753,L437,3003 WEST CASINO ROAD,,Everett,WA,98208,452,O-0001358,RET WALL FTGS (SECTION B-WEST),7AQ5,RB0760,Rebar Black #7 Grade 60,Inventory,Bar,Rebar Category,7,60,608.0,lbs,620.01,lbs
452,KEN,Kent,ST-472,2024-04-17T00:00:00,2024-04-18T00:00:00,Shipped,S,23-80,Boeing Bldg 40 - 81/82,SKANSKA,"Skanska, USA",5724.9753,L437,3003 WEST CASINO ROAD,,Everett,WA,98208,452,O-0001358,RET WALL FTGS (SECTION B-WEST),7AQ5,RB0760,Rebar Black #7 Grade 60,Inventory,Bar,Rebar Category,7,60,882.0,lbs,906.17,lbs
452,KEN,Kent,ST-472,2024-04-17T00:00:00,2024-04-18T00:00:00,Shipped,S,23-80,Boeing Bldg 40 - 81/82,SKANSKA,"Skanska, USA",5724.9753,L437,3003 WEST CASINO ROAD,,Everett,WA,98208,452,O-0001358,RET WALL FTGS (SECTION B-WEST),7AQ5,RB0560,Rebar Black #5 Grade 60,Inventory,Bar,Rebar Category,5,60,532.0,lbs,531.93,lbs
452,KEN,Kent,ST-472,2024-04-17T00:00:00,2024-04-18T00:00:00,Shipped,S,23-80,Boeing Bldg 40 - 81/82,SKANSKA,"Skanska, USA",5724.9753,L437,3003 WEST CASINO ROAD,,Everett,WA,98208,452,O-0001358,RET WALL FTGS (SECTION B-WEST),7AQ5,RB0760,Rebar Black #7 Grade 60,Inventory,Bar,Rebar Category,7,60,1042.0,lbs,1042.44,lbs
452,KEN,Kent,ST-472,2024-04-17T00:00:00,2024-04-18T00:00:00,Shipped,S,23-80,Boeing Bldg 40 - 81/82,SKANSKA,"Skanska, USA",5724.9753,L437,3003 WEST CASINO ROAD,,Everett,WA,98208,452,O-0001358,RET WALL FTGS (SECTION B-WEST),7AQ5,RB0560,Rebar Black #5 Grade 60,Inventory,Bar,Rebar Category,5,60,597.0,lbs,596.6,lbs
452,KEN,Kent,ST-472,2024-04-17T00:00:00,2024-04-18T00:00:00,Shipped,S,23-80,Boeing Bldg 40 - 81/82,SKANSKA,"Skanska, USA",5724.9753,L437,3003 WEST CASINO ROAD,,Everett,WA,98208,452,O-0001359,RET WALL FTGS (SECTION A/B-EAST),7AQ6,RB0460,Rebar Black #4 Grade 60,Inventory,Bar,Rebar Category,4,60,102.0,lbs,108.55,lbs
452,KEN,Kent,ST-472,2024-04-17T00:00:00,2024-04-18T00:00:00,Shipped,S,23-80,Boeing Bldg 40 - 81/82,SKANSKA,"Skanska, USA",5724.9753,L437,3003 WEST CASINO ROAD,,Everett,WA,98208,452,O-0001359,RET WALL FTGS (SECTION A/B-EAST),7AQ6,RB0460,Rebar Black #4 Grade 60,Inventory,Bar,Rebar Category,4,60,104.0,lbs,104.21,lbs
452,KEN,Kent,ST-472,2024-04-17T00:00:00,2024-04-18T00:00:00,Shipped,S,23-80,Boeing Bldg 40 - 81/82,SKANSKA,"Skanska, USA",5724.9753,L437,3003 WEST CASINO ROAD,,Everett,WA,98208,452,O-0001359,RET WALL FTGS (SECTION A/B-EAST),7AQ6,RB0660,Rebar Black #6 Grade 60,Inventory,Bar,Rebar Category,6,60,322.0,lbs,322.18,lbs
452,KEN,Kent,ST-472,2024-04-17T00:00:00,2024-04-18T00:00:00,Shipped,S,23-80,Boeing Bldg 40 - 81/82,SKANSKA,"Skanska, USA",5724.9753,L437,3003 WEST CASINO ROAD,,Everett,WA,98208,452,O-0001359,RET WALL FTGS (SECTION A/B-EAST),7AQ6,RB0560,Rebar Black #5 Grade 60,Inventory,Bar,Rebar Category,5,60,66.0,lbs,68.06,lbs
452,KEN,Kent,ST-472,2024-04-17T00:00:00,2024-04-18T00:00:00,Shipped,S,23-80,Boeing Bldg 40 - 81/82,SKANSKA,"Skanska, USA",5724.9753,L437,3003 WEST CASINO ROAD,,Everett,WA,98208,452,O-0001359,RET WALL FTGS (SECTION A/B-EAST),7AQ6,RB0760,Rebar Black #7 Grade 60,Inventory,Bar,Rebar Category,7,60,730.0,lbs,744.02,lbs
452,KEN,Kent,ST-472,2024-04-17T00:00:00,2024-04-18T00:00:00,Shipped,S,23-80,Boeing Bldg 40 - 81/82,SKANSKA,"Skanska, USA",5724.9753,L437,3003 WEST CASINO ROAD,,Everett,WA,98208,452,O-0001359,RET WALL FTGS (SECTION A/B-EAST),7AQ6,RB0760,Rebar Black #7 Grade 60,Inventory,Bar,Rebar Category,7,60,1059.0,lbs,1087.41,lbs
452,KEN,Kent,ST-472,2024-04-17T00:00:00,2024-04-18T00:00:00,Shipped,S,23-80,Boeing Bldg 40 - 81/82,SKANSKA,"Skanska, USA",5724.9753,L437,3003 WEST CASINO ROAD,,Everett,WA,98208,452,O-0001359,RET WALL FTGS (SECTION A/B-EAST),7AQ6,RB0460,Rebar Black #4 Grade 60,Inventory,Bar,Rebar Category,4,60,208.0,lbs,208.42,lbs
452,KEN,Kent,ST-472,2024-04-17T00:00:00,2024-04-18T00:00:00,Shipped,S,23-80,Boeing Bldg 40 - 81/82,SKANSKA,"Skanska, USA",5724.9753,L437,3003 WEST CASINO ROAD,,Everett,WA,98208,452,O-0001359,RET WALL FTGS (SECTION A/B-EAST),7AQ6,RB0660,Rebar Black #6 Grade 60,Inventory,Bar,Rebar Category,6,60,469.0,lbs,468.62,lbs
452,KEN,Kent,ST-472,2024-04-17T00:00:00,2024-04-18T00:00:00,Shipped,S,23-80,Boeing Bldg 40 - 81/82,SKANSKA,"Skanska, USA",5724.9753,L437,3003 WEST CASINO ROAD,,Everett,WA,98208,452,O-0001359,RET WALL FTGS (SECTION A/B-EAST),7AQ6,RB0560,Rebar Black #5 Grade 60,Inventory,Bar,Rebar Category,5,60,563.0,lbs,563.22,lbs
452,KEN,Kent,ST-472,2024-04-17T00:00:00,2024-04-18T00:00:00,Shipped,S,23-80,Boeing Bldg 40 - 81/82,SKANSKA,"Skanska, USA",5724.9753,L437,3003 WEST CASINO ROAD,,Everett,WA,98208,452,O-0001359,RET WALL FTGS (SECTION A/B-EAST),7AQ6,RB0560,Rebar Black #5 Grade 60,Inventory,Bar,Rebar Category,5,60,625.0,lbs,625.28,lbs
452,KEN,Kent,ST-472,2024-04-17T00:00:00,2024-04-18T00:00:00,Shipped,S,23-80,Boeing Bldg 40 - 81/82,SKANSKA,"Skanska, USA",5724.9753,L437,3003 WEST CASINO ROAD,,Everett,WA,98208,452,O-0001359,RET WALL FTGS (SECTION A/B-EAST),7AQ6,RB0560,Rebar Black #5 Grade 60,Inventory,Bar,Rebar Category,5,60,459.0,lbs,458.92,lbs
452,KEN,Kent,ST-472,2024-04-17T00:00:00,2024-04-18T00:00:00,Shipped,S,23-80,Boeing Bldg 40 - 81/82,SKANSKA,"Skanska, USA",5724.9753,L437,3003 WEST CASINO ROAD,,Everett,WA,98208,452,O-0001359,RET WALL FTGS (SECTION A/B-EAST),7AQ6,RB0760,Rebar Black #7 Grade 60,Inventory,Bar,Rebar Category,7,60,531.0,lbs,531.44,lbs
452,KEN,Kent,ST-472,2024-04-17T00:00:00,2024-04-18T00:00:00,Shipped,S,23-80,Boeing Bldg 40 - 81/82,SKANSKA,"Skanska, USA",5724.9753,L437,3003 WEST CASINO ROAD,,Everett,WA,98208,452,O-0001359,RET WALL FTGS (SECTION A/B-EAST),7AQ6,RB0460,Rebar Black #4 Grade 60,Inventory,Bar,Rebar Category,4,60,72.0,lbs,77.15,lbs
452,KEN,Kent,ST-472,2024-04-17T00:00:00,2024-04-18T00:00:00,Shipped,S,23-80,Boeing Bldg 40 - 81/82,SKANSKA,"Skanska, USA",5724.9753,L437,3003 WEST CASINO ROAD,,Everett,WA,98208,452,O-0001405,LIGHTPOLE FND REINF (25X),7AQN,RB0460,Rebar Black #4 Grade 60,Inventory,Bar,Rebar Category,4,60,153.0,lbs,158.65,lbs
452,KEN,Kent,ST-472,2024-04-17T00:00:00,2024-04-18T00:00:00,Shipped,S,23-80,Boeing Bldg 40 - 81/82,SKANSKA,"Skanska, USA",5724.9753,L437,3003 WEST CASINO ROAD,,Everett,WA,98208,452,O-0001405,LIGHTPOLE FND REINF (25X),7AQN,RB0360,Rebar Black #3 Grade 60,Inventory,Bar,Rebar Category,3,60,915.0,lbs,965.06,lbs
452,KEN,Kent,ST-472,2024-04-17T00:00:00,2024-04-18T00:00:00,Shipped,S,23-80,Boeing Bldg 40 - 81/82,SKANSKA,"Skanska, USA",5724.9753,L437,3003 WEST CASINO ROAD,,Everett,WA,98208,452,O-0001405,LIGHTPOLE FND REINF (25X),7AQN,RB0660,Rebar Black #6 Grade 60,Inventory,Bar,Rebar Category,6,60,2203.0,lbs,2202.93,lbs
453,KEN,Kent,ST-473,2024-04-17T00:00:00,2024-04-18T00:00:00,Shipped,S,23-80,Boeing Bldg 40 - 81/82,SKANSKA,"Skanska, USA",290.8797,L449,3003 WEST CASINO ROAD,,Everett,WA,98208,453,O-0001388,TUNNEL LID STANDEES,7AQI,RB0460,Rebar Black #4 Grade 60,Inventory,Bar,Rebar Category,4,60,601.0,lbs,641.28,lbs
455,KEN,Kent,ST-475,2024-04-17T00:00:00,2024-04-18T00:00:00,Shipped,S,CS-24052,Combined Construction Inc.,COMBINED,COMBINED CONSTRUCTION INC.,242.3998,L378,3701 South Rd.,,Mukilteo,WA,98275,455,O-0001194,PO# 2023-447-004-WSDOT XE3435,AAJS,ER0460,Rebar Epoxy #4 Grade 60,Inventory,Bar,Rebar Category,4,60,534.0,lbs,534.4,lbs
456,KEN,Kent,ST-476,2024-04-17T00:00:00,2024-04-18T00:00:00,Shipped,S,22-36,Bellevue Station,SPARTAN,Spartan Concrete Inc.,3161.3211,L501,1525 132nd AVE NE,,Bellevue,WA,98005,456,O-0001482,LEVEL 1 ADDED WALL REINFORCEMENT,AAN0,RB0560,Rebar Black #5 Grade 60,Inventory,Bar,Rebar Category,5,60,13.0,lbs,13.39,lbs
456,KEN,Kent,ST-476,2024-04-17T00:00:00,2024-04-18T00:00:00,Shipped,S,22-36,Bellevue Station,SPARTAN,Spartan Concrete Inc.,3161.3211,L501,1525 132nd AVE NE,,Bellevue,WA,98005,456,O-0001482,LEVEL 1 ADDED WALL REINFORCEMENT,AAN0,RB0560,Rebar Black #5 Grade 60,Inventory,Bar,Rebar Category,5,60,13.0,lbs,13.3,lbs
456,KEN,Kent,ST-476,2024-04-17T00:00:00,2024-04-18T00:00:00,Shipped,S,22-36,Bellevue Station,SPARTAN,Spartan Concrete Inc.,3161.3211,L501,1525 132nd AVE NE,,Bellevue,WA,98005,456,O-0001482,LEVEL 1 ADDED WALL REINFORCEMENT,AAN0,RB0560,Rebar Black #5 Grade 60,Inventory,Bar,Rebar Category,5,60,13.0,lbs,13.12,lbs
456,KEN,Kent,ST-476,2024-04-17T00:00:00,2024-04-18T00:00:00,Shipped,S,22-36,Bellevue Station,SPARTAN,Spartan Concrete Inc.,3161.3211,L501,1525 132nd AVE NE,,Bellevue,WA,98005,456,O-0001482,LEVEL 1 ADDED WALL REINFORCEMENT,AAN0,RB0560,Rebar Black #5 Grade 60,Inventory,Bar,Rebar Category,5,60,13.0,lbs,13.04,lbs
456,KEN,Kent,ST-476,2024-04-17T00:00:00,2024-04-18T00:00:00,Shipped,S,22-36,Bellevue Station,SPARTAN,Spartan Concrete Inc.,3161.3211,L501,1525 132nd AVE NE,,Bellevue,WA,98005,456,O-0001482,LEVEL 1 ADDED WALL REINFORCEMENT,AAN0,RB0560,Rebar Black #5 Grade 60,Inventory,Bar,Rebar Category,5,60,13.0,lbs,12.95,lbs
456,KEN,Kent,ST-476,2024-04-17T00:00:00,2024-04-18T00:00:00,Shipped,S,22-36,Bellevue Station,SPARTAN,Spartan Concrete Inc.,3161.3211,L501,1525 132nd AVE NE,,Bellevue,WA,98005,456,O-0001482,LEVEL 1 ADDED WALL REINFORCEMENT,AAN0,RB0560,Rebar Black #5 Grade 60,Inventory,Bar,Rebar Category,5,60,13.0,lbs,12.86,lbs
456,KEN,Kent,ST-476,2024-04-17T00:00:00,2024-04-18T00:00:00,Shipped,S,22-36,Bellevue Station,SPARTAN,Spartan Concrete Inc.,3161.3211,L501,1525 132nd AVE NE,,Bellevue,WA,98005,456,O-0001482,LEVEL 1 ADDED WALL REINFORCEMENT,AAN0,RB1160,Rebar Black #11 Grade 60,Inventory,Bar,Rebar Category,11,60,423.0,lbs,439.21,lbs
456,KEN,Kent,ST-476,2024-04-17T00:00:00,2024-04-18T00:00:00,Shipped,S,22-36,Bellevue Station,SPARTAN,Spartan Concrete Inc.,3161.3211,L501,1525 132nd AVE NE,,Bellevue,WA,98005,456,O-0001482,LEVEL 1 ADDED WALL REINFORCEMENT,AAN0,RB1060,Rebar Black #10 Grade 60,Inventory,Bar,Rebar Category,10,60,508.0,lbs,524.97,lbs
456,KEN,Kent,ST-476,2024-04-17T00:00:00,2024-04-18T00:00:00,Shipped,S,22-36,Bellevue Station,SPARTAN,Spartan Concrete Inc.,3161.3211,L501,1525 132nd AVE NE,,Bellevue,WA,98005,456,O-0001482,LEVEL 1 ADDED WALL REINFORCEMENT,AAN0,RB0660,Rebar Black #6 Grade 60,Inventory,Bar,Rebar Category,6,60,631.0,lbs,648.36,lbs
456,KEN,Kent,ST-476,2024-04-17T00:00:00,2024-04-18T00:00:00,Shipped,S,22-36,Bellevue Station,SPARTAN,Spartan Concrete Inc.,3161.3211,L501,1525 132nd AVE NE,,Bellevue,WA,98005,456,O-0001482,LEVEL 1 ADDED WALL REINFORCEMENT,AAN0,RB0560,Rebar Black #5 Grade 60,Inventory,Bar,Rebar Category,5,60,17.0,lbs,17.38,lbs
456,KEN,Kent,ST-476,2024-04-17T00:00:00,2024-04-18T00:00:00,Shipped,S,22-36,Bellevue Station,SPARTAN,Spartan Concrete Inc.,3161.3211,L501,1525 132nd AVE NE,,Bellevue,WA,98005,456,O-0001482,LEVEL 1 ADDED WALL REINFORCEMENT,AAN0,RB0460,Rebar Black #4 Grade 60,Inventory,Bar,Rebar Category,4,60,22.0,lbs,22.82,lbs
456,KEN,Kent,ST-476,2024-04-17T00:00:00,2024-04-18T00:00:00,Shipped,S,22-36,Bellevue Station,SPARTAN,Spartan Concrete Inc.,3161.3211,L501,1525 132nd AVE NE,,Bellevue,WA,98005,456,O-0001482,LEVEL 1 ADDED WALL REINFORCEMENT,AAN0,RB0560,Rebar Black #5 Grade 60,Inventory,Bar,Rebar Category,5,60,144.0,lbs,143.59,lbs
456,KEN,Kent,ST-476,2024-04-17T00:00:00,2024-04-18T00:00:00,Shipped,S,22-36,Bellevue Station,SPARTAN,Spartan Concrete Inc.,3161.3211,L501,1525 132nd AVE NE,,Bellevue,WA,98005,456,O-0001482,LEVEL 1 ADDED WALL REINFORCEMENT,AAN0,RB0560,Rebar Black #5 Grade 60,Inventory,Bar,Rebar Category,5,60,268.0,lbs,267.7,lbs
456,KEN,Kent,ST-476,2024-04-17T00:00:00,2024-04-18T00:00:00,Shipped,S,22-36,Bellevue Station,SPARTAN,Spartan Concrete Inc.,3161.3211,L501,1525 132nd AVE NE,,Bellevue,WA,98005,456,O-0001482,LEVEL 1 ADDED WALL REINFORCEMENT,AAN0,RB0560,Rebar Black #5 Grade 60,Inventory,Bar,Rebar Category,5,60,608.0,lbs,608.42,lbs
456,KEN,Kent,ST-476,2024-04-17T00:00:00,2024-04-18T00:00:00,Shipped,S,22-36,Bellevue Station,SPARTAN,Spartan Concrete Inc.,3161.3211,L501,1525 132nd AVE NE,,Bellevue,WA,98005,456,O-0001481,LEVEL 1 ADDED WALL REINF.(D&E),AANZ,RB0760,Rebar Black #7 Grade 60,Inventory,Bar,Rebar Category,7,60,41.0,lbs,44.97,lbs
456,KEN,Kent,ST-476,2024-04-17T00:00:00,2024-04-18T00:00:00,Shipped,S,22-36,Bellevue Station,SPARTAN,Spartan Concrete Inc.,3161.3211,L501,1525 132nd AVE NE,,Bellevue,WA,98005,456,O-0001481,LEVEL 1 ADDED WALL REINF.(D&E),AANZ,RB0560,Rebar Black #5 Grade 60,Inventory,Bar,Rebar Category,5,60,171.0,lbs,183.22,lbs
456,KEN,Kent,ST-476,2024-04-17T00:00:00,2024-04-18T00:00:00,Shipped,S,22-36,Bellevue Station,SPARTAN,Spartan Concrete Inc.,3161.3211,L501,1525 132nd AVE NE,,Bellevue,WA,98005,456,O-0001481,LEVEL 1 ADDED WALL REINF.(D&E),AANZ,RB0560,Rebar Black #5 Grade 60,Inventory,Bar,Rebar Category,5,60,21.0,lbs,21.21,lbs
456,KEN,Kent,ST-476,2024-04-17T00:00:00,2024-04-18T00:00:00,Shipped,S,22-36,Bellevue Station,SPARTAN,Spartan Concrete Inc.,3161.3211,L501,1525 132nd AVE NE,,Bellevue,WA,98005,456,O-0001480,LVL P1 TO L1 COL TIES AND LINKS,AANY,RB0560,Rebar Black #5 Grade 60,Inventory,Bar,Rebar Category,5,60,62.0,lbs,69.45,lbs
456,KEN,Kent,ST-476,2024-04-17T00:00:00,2024-04-18T00:00:00,Shipped,S,22-36,Bellevue Station,SPARTAN,Spartan Concrete Inc.,3161.3211,L501,1525 132nd AVE NE,,Bellevue,WA,98005,456,O-0001480,LVL P1 TO L1 COL TIES AND LINKS,AANY,RB0560,Rebar Black #5 Grade 60,Inventory,Bar,Rebar Category,5,60,783.0,lbs,817.1,lbs
456,KEN,Kent,ST-476,2024-04-17T00:00:00,2024-04-18T00:00:00,Shipped,S,22-36,Bellevue Station,SPARTAN,Spartan Concrete Inc.,3161.3211,L501,1525 132nd AVE NE,,Bellevue,WA,98005,456,O-0001480,LVL P1 TO L1 COL TIES AND LINKS,AANY,RB0560,Rebar Black #5 Grade 60,Inventory,Bar,Rebar Category,5,60,652.0,lbs,686.64,lbs
456,KEN,Kent,ST-476,2024-04-17T00:00:00,2024-04-18T00:00:00,Shipped,S,22-36,Bellevue Station,SPARTAN,Spartan Concrete Inc.,3161.3211,L501,1525 132nd AVE NE,,Bellevue,WA,98005,456,O-0001479,LVL P1 TO L1 COL VERT REINF (A706),AES,RB07706,Rebar Black #7 Grade A706,Inventory,Bar,Rebar Category,7,A706,154.0,lbs,153.98,lbs
456,KEN,Kent,ST-476,2024-04-17T00:00:00,2024-04-18T00:00:00,Shipped,S,22-36,Bellevue Station,SPARTAN,Spartan Concrete Inc.,3161.3211,L501,1525 132nd AVE NE,,Bellevue,WA,98005,456,O-0001479,LVL P1 TO L1 COL VERT REINF (A706),AES,RB07706,Rebar Black #7 Grade A706,Inventory,Bar,Rebar Category,7,A706,159.0,lbs,159.43,lbs
456,KEN,Kent,ST-476,2024-04-17T00:00:00,2024-04-18T00:00:00,Shipped,S,22-36,Bellevue Station,SPARTAN,Spartan Concrete Inc.,3161.3211,L501,1525 132nd AVE NE,,Bellevue,WA,98005,456,O-0001479,LVL P1 TO L1 COL VERT REINF (A706),AES,RB07706,Rebar Black #7 Grade A706,Inventory,Bar,Rebar Category,7,A706,95.0,lbs,95.39,lbs
456,KEN,Kent,ST-476,2024-04-17T00:00:00,2024-04-18T00:00:00,Shipped,S,22-36,Bellevue Station,SPARTAN,Spartan Concrete Inc.,3161.3211,L501,1525 132nd AVE NE,,Bellevue,WA,98005,456,O-0001478,LVL P1 TO L1 COL VERT REINF D/E(A615),AER,RB0760,Rebar Black #7 Grade 60,Inventory,Bar,Rebar Category,7,60,20.0,lbs,22.48,lbs
456,KEN,Kent,ST-476,2024-04-17T00:00:00,2024-04-18T00:00:00,Shipped,S,22-36,Bellevue Station,SPARTAN,Spartan Concrete Inc.,3161.3211,L501,1525 132nd AVE NE,,Bellevue,WA,98005,456,O-0001478,LVL P1 TO L1 COL VERT REINF D/E(A615),AER,RB1060,Rebar Black #10 Grade 60,Inventory,Bar,Rebar Category,10,60,151.0,lbs,151.32,lbs
456,KEN,Kent,ST-476,2024-04-17T00:00:00,2024-04-18T00:00:00,Shipped,S,22-36,Bellevue Station,SPARTAN,Spartan Concrete Inc.,3161.3211,L501,1525 132nd AVE NE,,Bellevue,WA,98005,456,O-0001477,LVL P1 TO L1 COL VERT REINF (A615),AET,RB0760,Rebar Black #7 Grade 60,Inventory,Bar,Rebar Category,7,60,59.0,lbs,59.96,lbs
456,KEN,Kent,ST-476,2024-04-17T00:00:00,2024-04-18T00:00:00,Shipped,S,22-36,Bellevue Station,SPARTAN,Spartan Concrete Inc.,3161.3211,L501,1525 132nd AVE NE,,Bellevue,WA,98005,456,O-0001476,LVL P2 TO P1 COL VERT REINF D/E(A615),AEN,RB1060,Rebar Black #10 Grade 60,Inventory,Bar,Rebar Category,10,60,151.0,lbs,150.6,lbs
456,KEN,Kent,ST-476,2024-04-17T00:00:00,2024-04-18T00:00:00,Shipped,S,22-36,Bellevue Station,SPARTAN,Spartan Concrete Inc.,3161.3211,L501,1525 132nd AVE NE,,Bellevue,WA,98005,456,O-0001476,LVL P2 TO P1 COL VERT REINF D/E(A615),AEN,RB0760,Rebar Black #7 Grade 60,Inventory,Bar,Rebar Category,7,60,46.0,lbs,45.99,lbs
456,KEN,Kent,ST-476,2024-04-17T00:00:00,2024-04-18T00:00:00,Shipped,S,22-36,Bellevue Station,SPARTAN,Spartan Concrete Inc.,3161.3211,L501,1525 132nd AVE NE,,Bellevue,WA,98005,456,O-0001476,LVL P2 TO P1 COL VERT REINF D/E(A615),AEN,RB0560,Rebar Black #5 Grade 60,Inventory,Bar,Rebar Category,5,60,25.0,lbs,25.03,lbs
456,KEN,Kent,ST-476,2024-04-17T00:00:00,2024-04-18T00:00:00,Shipped,S,22-36,Bellevue Station,SPARTAN,Spartan Concrete Inc.,3161.3211,L501,1525 132nd AVE NE,,Bellevue,WA,98005,456,O-0001475,LVL P2 TO P1 COL VERT REINF (A706),AEP,RB07706,Rebar Black #7 Grade A706,Inventory,Bar,Rebar Category,7,A706,313.0,lbs,313.41,lbs
456,KEN,Kent,ST-476,2024-04-17T00:00:00,2024-04-18T00:00:00,Shipped,S,22-36,Bellevue Station,SPARTAN,Spartan Concrete Inc.,3161.3211,L501,1525 132nd AVE NE,,Bellevue,WA,98005,456,O-0001474,LVL P2 TO P1 COL TIES AND LINKS,AEQ,RB0560,Rebar Black #5 Grade 60,Inventory,Bar,Rebar Category,5,60,634.0,lbs,661.96,lbs
456,KEN,Kent,ST-476,2024-04-17T00:00:00,2024-04-18T00:00:00,Shipped,S,22-36,Bellevue Station,SPARTAN,Spartan Concrete Inc.,3161.3211,L501,1525 132nd AVE NE,,Bellevue,WA,98005,456,O-0001474,LVL P2 TO P1 COL TIES AND LINKS,AEQ,RB0560,Rebar Black #5 Grade 60,Inventory,Bar,Rebar Category,5,60,528.0,lbs,556.27,lbs
457,KEN,Kent,ST-477,2024-04-17T00:00:00,2024-04-18T00:00:00,Shipped,S,23-59,Barkley Meadows Townhomes,SUMMIT,Summit Construction Group,12115.5021,L469,Barkley Boulevard -- Sussex Avenue,Go up Barkley Boulevard in Bellingham,Bellingham,WA,98225,457,O-0001415,WALL ELEVATION 300 (OF VERTS),7AQP,RB0660,Rebar Black #6 Grade 60,Inventory,Bar,Rebar Category,6,60,2406.0,lbs,2406.2,lbs
457,KEN,Kent,ST-477,2024-04-17T00:00:00,2024-04-18T00:00:00,Shipped,S,23-59,Barkley Meadows Townhomes,SUMMIT,Summit Construction Group,12115.5021,L469,Barkley Boulevard -- Sussex Avenue,Go up Barkley Boulevard in Bellingham,Bellingham,WA,98225,457,O-0001415,WALL ELEVATION 300 (OF VERTS),7AQP,RB0660,Rebar Black #6 Grade 60,Inventory,Bar,Rebar Category,6,60,2433.0,lbs,2433.24,lbs
457,KEN,Kent,ST-477,2024-04-17T00:00:00,2024-04-18T00:00:00,Shipped,S,23-59,Barkley Meadows Townhomes,SUMMIT,Summit Construction Group,12115.5021,L469,Barkley Boulevard -- Sussex Avenue,Go up Barkley Boulevard in Bellingham,Bellingham,WA,98225,457,O-0001415,WALL ELEVATION 300 (OF VERTS),7AQP,RB0660,Rebar Black #6 Grade 60,Inventory,Bar,Rebar Category,6,60,3225.0,lbs,3224.79,lbs
457,KEN,Kent,ST-477,2024-04-17T00:00:00,2024-04-18T00:00:00,Shipped,S,23-59,Barkley Meadows Townhomes,SUMMIT,Summit Construction Group,12115.5021,L469,Barkley Boulevard -- Sussex Avenue,Go up Barkley Boulevard in Bellingham,Bellingham,WA,98225,457,O-0001416,WALL ELEVATION 300 (IF VERTS),7AQQ,RB0560,Rebar Black #5 Grade 60,Inventory,Bar,Rebar Category,5,60,2065.0,lbs,2065.13,lbs
457,KEN,Kent,ST-477,2024-04-17T00:00:00,2024-04-18T00:00:00,Shipped,S,23-59,Barkley Meadows Townhomes,SUMMIT,Summit Construction Group,12115.5021,L469,Barkley Boulevard -- Sussex Avenue,Go up Barkley Boulevard in Bellingham,Bellingham,WA,98225,457,O-0001416,WALL ELEVATION 300 (IF VERTS),7AQQ,RB0560,Rebar Black #5 Grade 60,Inventory,Bar,Rebar Category,5,60,1343.0,lbs,1343.38,lbs
457,KEN,Kent,ST-477,2024-04-17T00:00:00,2024-04-18T00:00:00,Shipped,S,23-59,Barkley Meadows Townhomes,SUMMIT,Summit Construction Group,12115.5021,L469,Barkley Boulevard -- Sussex Avenue,Go up Barkley Boulevard in Bellingham,Bellingham,WA,98225,457,O-0001420,WALL ELEVATION 303,7AQU,RB0460,Rebar Black #4 Grade 60,Inventory,Bar,Rebar Category,4,60,43.0,lbs,42.86,lbs
457,KEN,Kent,ST-477,2024-04-17T00:00:00,2024-04-18T00:00:00,Shipped,S,23-59,Barkley Meadows Townhomes,SUMMIT,Summit Construction Group,12115.5021,L469,Barkley Boulevard -- Sussex Avenue,Go up Barkley Boulevard in Bellingham,Bellingham,WA,98225,457,O-0001420,WALL ELEVATION 303,7AQU,RB0460,Rebar Black #4 Grade 60,Inventory,Bar,Rebar Category,4,60,74.0,lbs,74.15,lbs
457,KEN,Kent,ST-477,2024-04-17T00:00:00,2024-04-18T00:00:00,Shipped,S,23-59,Barkley Meadows Townhomes,SUMMIT,Summit Construction Group,12115.5021,L469,Barkley Boulevard -- Sussex Avenue,Go up Barkley Boulevard in Bellingham,Bellingham,WA,98225,457,O-0001420,WALL ELEVATION 303,7AQU,RB0560,Rebar Black #5 Grade 60,Inventory,Bar,Rebar Category,5,60,144.0,lbs,150.2,lbs
457,KEN,Kent,ST-477,2024-04-17T00:00:00,2024-04-18T00:00:00,Shipped,S,23-59,Barkley Meadows Townhomes,SUMMIT,Summit Construction Group,12115.5021,L469,Barkley Boulevard -- Sussex Avenue,Go up Barkley Boulevard in Bellingham,Bellingham,WA,98225,457,O-0001420,WALL ELEVATION 303,7AQU,RB0460,Rebar Black #4 Grade 60,Inventory,Bar,Rebar Category,4,60,187.0,lbs,192.4,lbs
457,KEN,Kent,ST-477,2024-04-17T00:00:00,2024-04-18T00:00:00,Shipped,S,23-59,Barkley Meadows Townhomes,SUMMIT,Summit Construction Group,12115.5021,L469,Barkley Boulevard -- Sussex Avenue,Go up Barkley Boulevard in Bellingham,Bellingham,WA,98225,457,O-0001420,WALL ELEVATION 303,7AQU,RB0460,Rebar Black #4 Grade 60,Inventory,Bar,Rebar Category,4,60,120.0,lbs,120.24,lbs
457,KEN,Kent,ST-477,2024-04-17T00:00:00,2024-04-18T00:00:00,Shipped,S,23-59,Barkley Meadows Townhomes,SUMMIT,Summit Construction Group,12115.5021,L469,Barkley Boulevard -- Sussex Avenue,Go up Barkley Boulevard in Bellingham,Bellingham,WA,98225,457,O-0001420,WALL ELEVATION 303,7AQU,RB0460,Rebar Black #4 Grade 60,Inventory,Bar,Rebar Category,4,60,207.0,lbs,206.64,lbs
457,KEN,Kent,ST-477,2024-04-17T00:00:00,2024-04-18T00:00:00,Shipped,S,23-59,Barkley Meadows Townhomes,SUMMIT,Summit Construction Group,12115.5021,L469,Barkley Boulevard -- Sussex Avenue,Go up Barkley Boulevard in Bellingham,Bellingham,WA,98225,457,O-0001420,WALL ELEVATION 303,7AQU,RB0460,Rebar Black #4 Grade 60,Inventory,Bar,Rebar Category,4,60,118.0,lbs,117.56,lbs
457,KEN,Kent,ST-477,2024-04-17T00:00:00,2024-04-18T00:00:00,Shipped,S,23-59,Barkley Meadows Townhomes,SUMMIT,Summit Construction Group,12115.5021,L469,Barkley Boulevard -- Sussex Avenue,Go up Barkley Boulevard in Bellingham,Bellingham,WA,98225,457,O-0001420,WALL ELEVATION 303,7AQU,RB0460,Rebar Black #4 Grade 60,Inventory,Bar,Rebar Category,4,60,37.0,lbs,37.07,lbs
457,KEN,Kent,ST-477,2024-04-17T00:00:00,2024-04-18T00:00:00,Shipped,S,23-59,Barkley Meadows Townhomes,SUMMIT,Summit Construction Group,12115.5021,L469,Barkley Boulevard -- Sussex Avenue,Go up Barkley Boulevard in Bellingham,Bellingham,WA,98225,457,O-0001419,WALL ELEVATION 302,7AQT,RB0560,Rebar Black #5 Grade 60,Inventory,Bar,Rebar Category,5,60,63.0,lbs,62.93,lbs
457,KEN,Kent,ST-477,2024-04-17T00:00:00,2024-04-18T00:00:00,Shipped,S,23-59,Barkley Meadows Townhomes,SUMMIT,Summit Construction Group,12115.5021,L469,Barkley Boulevard -- Sussex Avenue,Go up Barkley Boulevard in Bellingham,Bellingham,WA,98225,457,O-0001419,WALL ELEVATION 302,7AQT,RB0560,Rebar Black #5 Grade 60,Inventory,Bar,Rebar Category,5,60,109.0,lbs,109.08,lbs
457,KEN,Kent,ST-477,2024-04-17T00:00:00,2024-04-18T00:00:00,Shipped,S,23-59,Barkley Meadows Townhomes,SUMMIT,Summit Construction Group,12115.5021,L469,Barkley Boulevard -- Sussex Avenue,Go up Barkley Boulevard in Bellingham,Bellingham,WA,98225,457,O-0001419,WALL ELEVATION 302,7AQT,RB0560,Rebar Black #5 Grade 60,Inventory,Bar,Rebar Category,5,60,100.0,lbs,100.13,lbs
457,KEN,Kent,ST-477,2024-04-17T00:00:00,2024-04-18T00:00:00,Shipped,S,23-59,Barkley Meadows Townhomes,SUMMIT,Summit Construction Group,12115.5021,L469,Barkley Boulevard -- Sussex Avenue,Go up Barkley Boulevard in Bellingham,Bellingham,WA,98225,457,O-0001419,WALL ELEVATION 302,7AQT,RB0460,Rebar Black #4 Grade 60,Inventory,Bar,Rebar Category,4,60,10.0,lbs,10.02,lbs
457,KEN,Kent,ST-477,2024-04-17T00:00:00,2024-04-18T00:00:00,Shipped,S,23-59,Barkley Meadows Townhomes,SUMMIT,Summit Construction Group,12115.5021,L469,Barkley Boulevard -- Sussex Avenue,Go up Barkley Boulevard in Bellingham,Bellingham,WA,98225,457,O-0001419,WALL ELEVATION 302,7AQT,RB0460,Rebar Black #4 Grade 60,Inventory,Bar,Rebar Category,4,60,140.0,lbs,140.28,lbs
457,KEN,Kent,ST-477,2024-04-17T00:00:00,2024-04-18T00:00:00,Shipped,S,23-59,Barkley Meadows Townhomes,SUMMIT,Summit Construction Group,12115.5021,L469,Barkley Boulevard -- Sussex Avenue,Go up Barkley Boulevard in Bellingham,Bellingham,WA,98225,457,O-0001419,WALL ELEVATION 302,7AQT,RB0560,Rebar Black #5 Grade 60,Inventory,Bar,Rebar Category,5,60,145.0,lbs,144.63,lbs
457,KEN,Kent,ST-477,2024-04-17T00:00:00,2024-04-18T00:00:00,Shipped,S,23-59,Barkley Meadows Townhomes,SUMMIT,Summit Construction Group,12115.5021,L469,Barkley Boulevard -- Sussex Avenue,Go up Barkley Boulevard in Bellingham,Bellingham,WA,98225,457,O-0001419,WALL ELEVATION 302,7AQT,RB0560,Rebar Black #5 Grade 60,Inventory,Bar,Rebar Category,5,60,334.0,lbs,333.76,lbs
457,KEN,Kent,ST-477,2024-04-17T00:00:00,2024-04-18T00:00:00,Shipped,S,23-59,Barkley Meadows Townhomes,SUMMIT,Summit Construction Group,12115.5021,L469,Barkley Boulevard -- Sussex Avenue,Go up Barkley Boulevard in Bellingham,Bellingham,WA,98225,457,O-0001419,WALL ELEVATION 302,7AQT,RB0560,Rebar Black #5 Grade 60,Inventory,Bar,Rebar Category,5,60,68.0,lbs,68.32,lbs
457,KEN,Kent,ST-477,2024-04-17T00:00:00,2024-04-18T00:00:00,Shipped,S,23-59,Barkley Meadows Townhomes,SUMMIT,Summit Construction Group,12115.5021,L469,Barkley Boulevard -- Sussex Avenue,Go up Barkley Boulevard in Bellingham,Bellingham,WA,98225,457,O-0001419,WALL ELEVATION 302,7AQT,RB0660,Rebar Black #6 Grade 60,Inventory,Bar,Rebar Category,6,60,108.0,lbs,108.14,lbs
457,KEN,Kent,ST-477,2024-04-17T00:00:00,2024-04-18T00:00:00,Shipped,S,23-59,Barkley Meadows Townhomes,SUMMIT,Summit Construction Group,12115.5021,L469,Barkley Boulevard -- Sussex Avenue,Go up Barkley Boulevard in Bellingham,Bellingham,WA,98225,457,O-0001419,WALL ELEVATION 302,7AQT,RB0660,Rebar Black #6 Grade 60,Inventory,Bar,Rebar Category,6,60,297.0,lbs,297.4,lbs
457,KEN,Kent,ST-477,2024-04-17T00:00:00,2024-04-18T00:00:00,Shipped,S,23-59,Barkley Meadows Townhomes,SUMMIT,Summit Construction Group,12115.5021,L469,Barkley Boulevard -- Sussex Avenue,Go up Barkley Boulevard in Bellingham,Bellingham,WA,98225,457,O-0001419,WALL ELEVATION 302,7AQT,RB0560,Rebar Black #5 Grade 60,Inventory,Bar,Rebar Category,5,60,34.0,lbs,34.07,lbs
457,KEN,Kent,ST-477,2024-04-17T00:00:00,2024-04-18T00:00:00,Shipped,S,23-59,Barkley Meadows Townhomes,SUMMIT,Summit Construction Group,12115.5021,L469,Barkley Boulevard -- Sussex Avenue,Go up Barkley Boulevard in Bellingham,Bellingham,WA,98225,457,O-0001419,WALL ELEVATION 302,7AQT,RB0560,Rebar Black #5 Grade 60,Inventory,Bar,Rebar Category,5,60,89.0,lbs,89.18,lbs
457,KEN,Kent,ST-477,2024-04-17T00:00:00,2024-04-18T00:00:00,Shipped,S,23-59,Barkley Meadows Townhomes,SUMMIT,Summit Construction Group,12115.5021,L469,Barkley Boulevard -- Sussex Avenue,Go up Barkley Boulevard in Bellingham,Bellingham,WA,98225,457,O-0001418,WALL ELEVATION 301,7AQS,RB0560,Rebar Black #5 Grade 60,Inventory,Bar,Rebar Category,5,60,100.0,lbs,100.13,lbs
457,KEN,Kent,ST-477,2024-04-17T00:00:00,2024-04-18T00:00:00,Shipped,S,23-59,Barkley Meadows Townhomes,SUMMIT,Summit Construction Group,12115.5021,L469,Barkley Boulevard -- Sussex Avenue,Go up Barkley Boulevard in Bellingham,Bellingham,WA,98225,457,O-0001418,WALL ELEVATION 301,7AQS,RB0460,Rebar Black #4 Grade 60,Inventory,Bar,Rebar Category,4,60,10.0,lbs,10.02,lbs
457,KEN,Kent,ST-477,2024-04-17T00:00:00,2024-04-18T00:00:00,Shipped,S,23-59,Barkley Meadows Townhomes,SUMMIT,Summit Construction Group,12115.5021,L469,Barkley Boulevard -- Sussex Avenue,Go up Barkley Boulevard in Bellingham,Bellingham,WA,98225,457,O-0001418,WALL ELEVATION 301,7AQS,RB0460,Rebar Black #4 Grade 60,Inventory,Bar,Rebar Category,4,60,140.0,lbs,140.28,lbs
457,KEN,Kent,ST-477,2024-04-17T00:00:00,2024-04-18T00:00:00,Shipped,S,23-59,Barkley Meadows Townhomes,SUMMIT,Summit Construction Group,12115.5021,L469,Barkley Boulevard -- Sussex Avenue,Go up Barkley Boulevard in Bellingham,Bellingham,WA,98225,457,O-0001418,WALL ELEVATION 301,7AQS,RB0560,Rebar Black #5 Grade 60,Inventory,Bar,Rebar Category,5,60,145.0,lbs,144.63,lbs
457,KEN,Kent,ST-477,2024-04-17T00:00:00,2024-04-18T00:00:00,Shipped,S,23-59,Barkley Meadows Townhomes,SUMMIT,Summit Construction Group,12115.5021,L469,Barkley Boulevard -- Sussex Avenue,Go up Barkley Boulevard in Bellingham,Bellingham,WA,98225,457,O-0001418,WALL ELEVATION 301,7AQS,RB0560,Rebar Black #5 Grade 60,Inventory,Bar,Rebar Category,5,60,334.0,lbs,333.76,lbs
457,KEN,Kent,ST-477,2024-04-17T00:00:00,2024-04-18T00:00:00,Shipped,S,23-59,Barkley Meadows Townhomes,SUMMIT,Summit Construction Group,12115.5021,L469,Barkley Boulevard -- Sussex Avenue,Go up Barkley Boulevard in Bellingham,Bellingham,WA,98225,457,O-0001418,WALL ELEVATION 301,7AQS,RB0560,Rebar Black #5 Grade 60,Inventory,Bar,Rebar Category,5,60,80.0,lbs,79.7,lbs
457,KEN,Kent,ST-477,2024-04-17T00:00:00,2024-04-18T00:00:00,Shipped,S,23-59,Barkley Meadows Townhomes,SUMMIT,Summit Construction Group,12115.5021,L469,Barkley Boulevard -- Sussex Avenue,Go up Barkley Boulevard in Bellingham,Bellingham,WA,98225,457,O-0001418,WALL ELEVATION 301,7AQS,RB0560,Rebar Black #5 Grade 60,Inventory,Bar,Rebar Category,5,60,63.0,lbs,62.93,lbs
457,KEN,Kent,ST-477,2024-04-17T00:00:00,2024-04-18T00:00:00,Shipped,S,23-59,Barkley Meadows Townhomes,SUMMIT,Summit Construction Group,12115.5021,L469,Barkley Boulevard -- Sussex Avenue,Go up Barkley Boulevard in Bellingham,Bellingham,WA,98225,457,O-0001418,WALL ELEVATION 301,7AQS,RB0560,Rebar Black #5 Grade 60,Inventory,Bar,Rebar Category,5,60,120.0,lbs,119.95,lbs
457,KEN,Kent,ST-477,2024-04-17T00:00:00,2024-04-18T00:00:00,Shipped,S,23-59,Barkley Meadows Townhomes,SUMMIT,Summit Construction Group,12115.5021,L469,Barkley Boulevard -- Sussex Avenue,Go up Barkley Boulevard in Bellingham,Bellingham,WA,98225,457,O-0001418,WALL ELEVATION 301,7AQS,RB0660,Rebar Black #6 Grade 60,Inventory,Bar,Rebar Category,6,60,117.0,lbs,117.16,lbs
457,KEN,Kent,ST-477,2024-04-17T00:00:00,2024-04-18T00:00:00,Shipped,S,23-59,Barkley Meadows Townhomes,SUMMIT,Summit Construction Group,12115.5021,L469,Barkley Boulevard -- Sussex Avenue,Go up Barkley Boulevard in Bellingham,Bellingham,WA,98225,457,O-0001418,WALL ELEVATION 301,7AQS,RB0660,Rebar Black #6 Grade 60,Inventory,Bar,Rebar Category,6,60,314.0,lbs,313.92,lbs
457,KEN,Kent,ST-477,2024-04-17T00:00:00,2024-04-18T00:00:00,Shipped,S,23-59,Barkley Meadows Townhomes,SUMMIT,Summit Construction Group,12115.5021,L469,Barkley Boulevard -- Sussex Avenue,Go up Barkley Boulevard in Bellingham,Bellingham,WA,98225,457,O-0001418,WALL ELEVATION 301,7AQS,RB0560,Rebar Black #5 Grade 60,Inventory,Bar,Rebar Category,5,60,30.0,lbs,29.55,lbs
457,KEN,Kent,ST-477,2024-04-17T00:00:00,2024-04-18T00:00:00,Shipped,S,23-59,Barkley Meadows Townhomes,SUMMIT,Summit Construction Group,12115.5021,L469,Barkley Boulevard -- Sussex Avenue,Go up Barkley Boulevard in Bellingham,Bellingham,WA,98225,457,O-0001418,WALL ELEVATION 301,7AQS,RB0560,Rebar Black #5 Grade 60,Inventory,Bar,Rebar Category,5,60,89.0,lbs,89.18,lbs
457,KEN,Kent,ST-477,2024-04-17T00:00:00,2024-04-18T00:00:00,Shipped,S,23-59,Barkley Meadows Townhomes,SUMMIT,Summit Construction Group,12115.5021,L469,Barkley Boulevard -- Sussex Avenue,Go up Barkley Boulevard in Bellingham,Bellingham,WA,98225,457,O-0001417,WALL ELEVATION 300 (HORZ),7AQR,RB0560,Rebar Black #5 Grade 60,Inventory,Bar,Rebar Category,5,60,20.0,lbs,20.16,lbs
457,KEN,Kent,ST-477,2024-04-17T00:00:00,2024-04-18T00:00:00,Shipped,S,23-59,Barkley Meadows Townhomes,SUMMIT,Summit Construction Group,12115.5021,L469,Barkley Boulevard -- Sussex Avenue,Go up Barkley Boulevard in Bellingham,Bellingham,WA,98225,457,O-0001417,WALL ELEVATION 300 (HORZ),7AQR,RB0560,Rebar Black #5 Grade 60,Inventory,Bar,Rebar Category,5,60,392.0,lbs,391.82,lbs
457,KEN,Kent,ST-477,2024-04-17T00:00:00,2024-04-18T00:00:00,Shipped,S,23-59,Barkley Meadows Townhomes,SUMMIT,Summit Construction Group,12115.5021,L469,Barkley Boulevard -- Sussex Avenue,Go up Barkley Boulevard in Bellingham,Bellingham,WA,98225,457,O-0001417,WALL ELEVATION 300 (HORZ),7AQR,RB0560,Rebar Black #5 Grade 60,Inventory,Bar,Rebar Category,5,60,2941.0,lbs,2941.26,lbs
457,KEN,Kent,ST-477,2024-04-17T00:00:00,2024-04-18T00:00:00,Shipped,S,23-59,Barkley Meadows Townhomes,SUMMIT,Summit Construction Group,12115.5021,L469,Barkley Boulevard -- Sussex Avenue,Go up Barkley Boulevard in Bellingham,Bellingham,WA,98225,457,O-0001417,WALL ELEVATION 300 (HORZ),7AQR,RB0560,Rebar Black #5 Grade 60,Inventory,Bar,Rebar Category,5,60,376.0,lbs,392.17,lbs
457,KEN,Kent,ST-477,2024-04-17T00:00:00,2024-04-18T00:00:00,Shipped,S,23-59,Barkley Meadows Townhomes,SUMMIT,Summit Construction Group,12115.5021,L469,Barkley Boulevard -- Sussex Avenue,Go up Barkley Boulevard in Bellingham,Bellingham,WA,98225,457,O-0001417,WALL ELEVATION 300 (HORZ),7AQR,RB0560,Rebar Black #5 Grade 60,Inventory,Bar,Rebar Category,5,60,704.0,lbs,703.68,lbs
457,KEN,Kent,ST-477,2024-04-17T00:00:00,2024-04-18T00:00:00,Shipped,S,23-59,Barkley Meadows Townhomes,SUMMIT,Summit Construction Group,12115.5021,L469,Barkley Boulevard -- Sussex Avenue,Go up Barkley Boulevard in Bellingham,Bellingham,WA,98225,457,O-0001417,WALL ELEVATION 300 (HORZ),7AQR,RB0560,Rebar Black #5 Grade 60,Inventory,Bar,Rebar Category,5,60,2303.0,lbs,2302.94,lbs
457,KEN,Kent,ST-477,2024-04-17T00:00:00,2024-04-18T00:00:00,Shipped,S,23-59,Barkley Meadows Townhomes,SUMMIT,Summit Construction Group,12115.5021,L469,Barkley Boulevard -- Sussex Avenue,Go up Barkley Boulevard in Bellingham,Bellingham,WA,98225,457,O-0001417,WALL ELEVATION 300 (HORZ),7AQR,RB0560,Rebar Black #5 Grade 60,Inventory,Bar,Rebar Category,5,60,2941.0,lbs,2941.26,lbs
457,KEN,Kent,ST-477,2024-04-17T00:00:00,2024-04-18T00:00:00,Shipped,S,23-59,Barkley Meadows Townhomes,SUMMIT,Summit Construction Group,12115.5021,L469,Barkley Boulevard -- Sussex Avenue,Go up Barkley Boulevard in Bellingham,Bellingham,WA,98225,457,O-0001417,WALL ELEVATION 300 (HORZ),7AQR,RB0560,Rebar Black #5 Grade 60,Inventory,Bar,Rebar Category,5,60,1115.0,lbs,1163.99,lbs
457,KEN,Kent,ST-477,2024-04-17T00:00:00,2024-04-18T00:00:00,Shipped,S,23-59,Barkley Meadows Townhomes,SUMMIT,Summit Construction Group,12115.5021,L469,Barkley Boulevard -- Sussex Avenue,Go up Barkley Boulevard in Bellingham,Bellingham,WA,98225,457,O-0001417,WALL ELEVATION 300 (HORZ),7AQR,RB0560,Rebar Black #5 Grade 60,Inventory,Bar,Rebar Category,5,60,400.0,lbs,399.82,lbs
458,KEN,Kent,ST-478,2024-04-17T00:00:00,2024-04-18T00:00:00,Shipped,S,23-46,Alexan Woodinville,GREATER,Greater Seattle Concrete,769.524,L497,"14419 Woodinville-Red Rd,",,Woodinville,WA,98052,458,O-0001465,"X- BLDG 1 COLUMN, REPLACE VRTS",7AQV,RB11706,Rebar Black #11 Grade A706,Inventory,Bar,Rebar Category,11,A706,481.0,lbs,494.11,lbs
458,KEN,Kent,ST-478,2024-04-17T00:00:00,2024-04-18T00:00:00,Shipped,S,23-46,Alexan Woodinville,GREATER,Greater Seattle Concrete,769.524,L497,"14419 Woodinville-Red Rd,",,Woodinville,WA,98052,458,O-0001464,SW 1 & 2 REPLACEMENT BAR,7AQW,RB04706,Rebar Black #4 Grade A706,Inventory,Bar,Rebar Category,4,A706,1202.0,lbs,1202.4,lbs
460,KEN,Kent,ST-480,2024-04-17T00:00:00,2024-04-18T00:00:00,Shipped,S,23-46,Alexan Woodinville,GREATER,Greater Seattle Concrete,24887.1029,L251,"14419 Woodinville-Red Rd,",,Woodinville,WA,98052,460,O-0001280,"BLDG 1 - LEV 1 - POUR 2, DWLS/O.F.",7ANT,RB05706,Rebar Black #5 Grade A706,Inventory,Bar,Rebar Category,5,A706,139.0,lbs,144.63,lbs
460,KEN,Kent,ST-480,2024-04-17T00:00:00,2024-04-18T00:00:00,Shipped,S,23-46,Alexan Woodinville,GREATER,Greater Seattle Concrete,24887.1029,L251,"14419 Woodinville-Red Rd,",,Woodinville,WA,98052,460,O-0001280,"BLDG 1 - LEV 1 - POUR 2, DWLS/O.F.",7ANT,RB04706,Rebar Black #4 Grade A706,Inventory,Bar,Rebar Category,4,A706,23.0,lbs,23.16,lbs
460,KEN,Kent,ST-480,2024-04-17T00:00:00,2024-04-18T00:00:00,Shipped,S,23-46,Alexan Woodinville,GREATER,Greater Seattle Concrete,24887.1029,L251,"14419 Woodinville-Red Rd,",,Woodinville,WA,98052,460,O-0001280,"BLDG 1 - LEV 1 - POUR 2, DWLS/O.F.",7ANT,RB04706,Rebar Black #4 Grade A706,Inventory,Bar,Rebar Category,4,A706,17.0,lbs,17.81,lbs
460,KEN,Kent,ST-480,2024-04-17T00:00:00,2024-04-18T00:00:00,Shipped,S,23-46,Alexan Woodinville,GREATER,Greater Seattle Concrete,24887.1029,L251,"14419 Woodinville-Red Rd,",,Woodinville,WA,98052,460,O-0001280,"BLDG 1 - LEV 1 - POUR 2, DWLS/O.F.",7ANT,RB04706,Rebar Black #4 Grade A706,Inventory,Bar,Rebar Category,4,A706,16.0,lbs,16.03,lbs
460,KEN,Kent,ST-480,2024-04-17T00:00:00,2024-04-18T00:00:00,Shipped,S,23-46,Alexan Woodinville,GREATER,Greater Seattle Concrete,24887.1029,L251,"14419 Woodinville-Red Rd,",,Woodinville,WA,98052,460,O-0001280,"BLDG 1 - LEV 1 - POUR 2, DWLS/O.F.",7ANT,RB04706,Rebar Black #4 Grade A706,Inventory,Bar,Rebar Category,4,A706,37.0,lbs,36.52,lbs
460,KEN,Kent,ST-480,2024-04-17T00:00:00,2024-04-18T00:00:00,Shipped,S,23-46,Alexan Woodinville,GREATER,Greater Seattle Concrete,24887.1029,L251,"14419 Woodinville-Red Rd,",,Woodinville,WA,98052,460,O-0001279,BLDG 1 - LEV 1 - POUR 1 - TOPP. SLB,7ANS,RB0460,Rebar Black #4 Grade 60,Inventory,Bar,Rebar Category,4,60,8.0,lbs,8.91,lbs
460,KEN,Kent,ST-480,2024-04-17T00:00:00,2024-04-18T00:00:00,Shipped,S,23-46,Alexan Woodinville,GREATER,Greater Seattle Concrete,24887.1029,L251,"14419 Woodinville-Red Rd,",,Woodinville,WA,98052,460,O-0001279,BLDG 1 - LEV 1 - POUR 1 - TOPP. SLB,7ANS,RB0460,Rebar Black #4 Grade 60,Inventory,Bar,Rebar Category,4,60,52.0,lbs,53.44,lbs
460,KEN,Kent,ST-480,2024-04-17T00:00:00,2024-04-18T00:00:00,Shipped,S,23-46,Alexan Woodinville,GREATER,Greater Seattle Concrete,24887.1029,L251,"14419 Woodinville-Red Rd,",,Woodinville,WA,98052,460,O-0001279,BLDG 1 - LEV 1 - POUR 1 - TOPP. SLB,7ANS,RB0460,Rebar Black #4 Grade 60,Inventory,Bar,Rebar Category,4,60,12.0,lbs,12.02,lbs
460,KEN,Kent,ST-480,2024-04-17T00:00:00,2024-04-18T00:00:00,Shipped,S,23-46,Alexan Woodinville,GREATER,Greater Seattle Concrete,24887.1029,L251,"14419 Woodinville-Red Rd,",,Woodinville,WA,98052,460,O-0001279,BLDG 1 - LEV 1 - POUR 1 - TOPP. SLB,7ANS,RB0360,Rebar Black #3 Grade 60,Inventory,Bar,Rebar Category,3,60,99.0,lbs,104.9,lbs
460,KEN,Kent,ST-480,2024-04-17T00:00:00,2024-04-18T00:00:00,Shipped,S,23-46,Alexan Woodinville,GREATER,Greater Seattle Concrete,24887.1029,L251,"14419 Woodinville-Red Rd,",,Woodinville,WA,98052,460,O-0000850,"BLDG 1, LEV 1, POUR 1, TOP MAT",7AHK,RB0460,Rebar Black #4 Grade 60,Inventory,Bar,Rebar Category,4,60,247.0,lbs,249.39,lbs
460,KEN,Kent,ST-480,2024-04-17T00:00:00,2024-04-18T00:00:00,Shipped,S,23-46,Alexan Woodinville,GREATER,Greater Seattle Concrete,24887.1029,L251,"14419 Woodinville-Red Rd,",,Woodinville,WA,98052,460,O-0000850,"BLDG 1, LEV 1, POUR 1, TOP MAT",7AHK,RB0460,Rebar Black #4 Grade 60,Inventory,Bar,Rebar Category,4,60,2144.0,lbs,2144.28,lbs
460,KEN,Kent,ST-480,2024-04-17T00:00:00,2024-04-18T00:00:00,Shipped,S,23-46,Alexan Woodinville,GREATER,Greater Seattle Concrete,24887.1029,L251,"14419 Woodinville-Red Rd,",,Woodinville,WA,98052,460,O-0000850,"BLDG 1, LEV 1, POUR 1, TOP MAT",7AHK,RB0460,Rebar Black #4 Grade 60,Inventory,Bar,Rebar Category,4,60,521.0,lbs,521.04,lbs
460,KEN,Kent,ST-480,2024-04-17T00:00:00,2024-04-18T00:00:00,Shipped,S,23-46,Alexan Woodinville,GREATER,Greater Seattle Concrete,24887.1029,L251,"14419 Woodinville-Red Rd,",,Woodinville,WA,98052,460,O-0000850,"BLDG 1, LEV 1, POUR 1, TOP MAT",7AHK,RB0460,Rebar Black #4 Grade 60,Inventory,Bar,Rebar Category,4,60,262.0,lbs,261.86,lbs
460,KEN,Kent,ST-480,2024-04-17T00:00:00,2024-04-18T00:00:00,Shipped,S,23-46,Alexan Woodinville,GREATER,Greater Seattle Concrete,24887.1029,L251,"14419 Woodinville-Red Rd,",,Woodinville,WA,98052,460,O-0000850,"BLDG 1, LEV 1, POUR 1, TOP MAT",7AHK,RB0560,Rebar Black #5 Grade 60,Inventory,Bar,Rebar Category,5,60,29.0,lbs,30.24,lbs
460,KEN,Kent,ST-480,2024-04-17T00:00:00,2024-04-18T00:00:00,Shipped,S,23-46,Alexan Woodinville,GREATER,Greater Seattle Concrete,24887.1029,L251,"14419 Woodinville-Red Rd,",,Woodinville,WA,98052,460,O-0000850,"BLDG 1, LEV 1, POUR 1, TOP MAT",7AHK,RB0560,Rebar Black #5 Grade 60,Inventory,Bar,Rebar Category,5,60,104.0,lbs,105.34,lbs
460,KEN,Kent,ST-480,2024-04-17T00:00:00,2024-04-18T00:00:00,Shipped,S,23-46,Alexan Woodinville,GREATER,Greater Seattle Concrete,24887.1029,L251,"14419 Woodinville-Red Rd,",,Woodinville,WA,98052,460,O-0000850,"BLDG 1, LEV 1, POUR 1, TOP MAT",7AHK,RB0460,Rebar Black #4 Grade 60,Inventory,Bar,Rebar Category,4,60,123.0,lbs,122.91,lbs
460,KEN,Kent,ST-480,2024-04-17T00:00:00,2024-04-18T00:00:00,Shipped,S,23-46,Alexan Woodinville,GREATER,Greater Seattle Concrete,24887.1029,L251,"14419 Woodinville-Red Rd,",,Woodinville,WA,98052,460,O-0000850,"BLDG 1, LEV 1, POUR 1, TOP MAT",7AHK,RB0560,Rebar Black #5 Grade 60,Inventory,Bar,Rebar Category,5,60,47.0,lbs,48.67,lbs
460,KEN,Kent,ST-480,2024-04-17T00:00:00,2024-04-18T00:00:00,Shipped,S,23-46,Alexan Woodinville,GREATER,Greater Seattle Concrete,24887.1029,L251,"14419 Woodinville-Red Rd,",,Woodinville,WA,98052,460,O-0000850,"BLDG 1, LEV 1, POUR 1, TOP MAT",7AHK,RB0460,Rebar Black #4 Grade 60,Inventory,Bar,Rebar Category,4,60,279.0,lbs,279.22,lbs
460,KEN,Kent,ST-480,2024-04-17T00:00:00,2024-04-18T00:00:00,Shipped,S,23-46,Alexan Woodinville,GREATER,Greater Seattle Concrete,24887.1029,L251,"14419 Woodinville-Red Rd,",,Woodinville,WA,98052,460,O-0000850,"BLDG 1, LEV 1, POUR 1, TOP MAT",7AHK,RB0460,Rebar Black #4 Grade 60,Inventory,Bar,Rebar Category,4,60,78.0,lbs,78.16,lbs
460,KEN,Kent,ST-480,2024-04-17T00:00:00,2024-04-18T00:00:00,Shipped,S,23-46,Alexan Woodinville,GREATER,Greater Seattle Concrete,24887.1029,L251,"14419 Woodinville-Red Rd,",,Woodinville,WA,98052,460,O-0000850,"BLDG 1, LEV 1, POUR 1, TOP MAT",7AHK,RB0560,Rebar Black #5 Grade 60,Inventory,Bar,Rebar Category,5,60,626.0,lbs,625.8,lbs
460,KEN,Kent,ST-480,2024-04-17T00:00:00,2024-04-18T00:00:00,Shipped,S,23-46,Alexan Woodinville,GREATER,Greater Seattle Concrete,24887.1029,L251,"14419 Woodinville-Red Rd,",,Woodinville,WA,98052,460,O-0000850,"BLDG 1, LEV 1, POUR 1, TOP MAT",7AHK,RB0560,Rebar Black #5 Grade 60,Inventory,Bar,Rebar Category,5,60,626.0,lbs,625.8,lbs
460,KEN,Kent,ST-480,2024-04-17T00:00:00,2024-04-18T00:00:00,Shipped,S,23-46,Alexan Woodinville,GREATER,Greater Seattle Concrete,24887.1029,L251,"14419 Woodinville-Red Rd,",,Woodinville,WA,98052,460,O-0000850,"BLDG 1, LEV 1, POUR 1, TOP MAT",7AHK,RB0560,Rebar Black #5 Grade 60,Inventory,Bar,Rebar Category,5,60,526.0,lbs,525.67,lbs
460,KEN,Kent,ST-480,2024-04-17T00:00:00,2024-04-18T00:00:00,Shipped,S,23-46,Alexan Woodinville,GREATER,Greater Seattle Concrete,24887.1029,L251,"14419 Woodinville-Red Rd,",,Woodinville,WA,98052,460,O-0000850,"BLDG 1, LEV 1, POUR 1, TOP MAT",7AHK,RB0560,Rebar Black #5 Grade 60,Inventory,Bar,Rebar Category,5,60,146.0,lbs,148.11,lbs
460,KEN,Kent,ST-480,2024-04-17T00:00:00,2024-04-18T00:00:00,Shipped,S,23-46,Alexan Woodinville,GREATER,Greater Seattle Concrete,24887.1029,L251,"14419 Woodinville-Red Rd,",,Woodinville,WA,98052,460,O-0000850,"BLDG 1, LEV 1, POUR 1, TOP MAT",7AHK,RB0560,Rebar Black #5 Grade 60,Inventory,Bar,Rebar Category,5,60,224.0,lbs,228.76,lbs
460,KEN,Kent,ST-480,2024-04-17T00:00:00,2024-04-18T00:00:00,Shipped,S,23-46,Alexan Woodinville,GREATER,Greater Seattle Concrete,24887.1029,L251,"14419 Woodinville-Red Rd,",,Woodinville,WA,98052,460,O-0000850,"BLDG 1, LEV 1, POUR 1, TOP MAT",7AHK,RB0560,Rebar Black #5 Grade 60,Inventory,Bar,Rebar Category,5,60,905.0,lbs,905.32,lbs
460,KEN,Kent,ST-480,2024-04-17T00:00:00,2024-04-18T00:00:00,Shipped,S,23-46,Alexan Woodinville,GREATER,Greater Seattle Concrete,24887.1029,L251,"14419 Woodinville-Red Rd,",,Woodinville,WA,98052,460,O-0000850,"BLDG 1, LEV 1, POUR 1, TOP MAT",7AHK,RB0460,Rebar Black #4 Grade 60,Inventory,Bar,Rebar Category,4,60,553.0,lbs,553.1,lbs
460,KEN,Kent,ST-480,2024-04-17T00:00:00,2024-04-18T00:00:00,Shipped,S,23-46,Alexan Woodinville,GREATER,Greater Seattle Concrete,24887.1029,L251,"14419 Woodinville-Red Rd,",,Woodinville,WA,98052,460,O-0000850,"BLDG 1, LEV 1, POUR 1, TOP MAT",7AHK,RB0460,Rebar Black #4 Grade 60,Inventory,Bar,Rebar Category,4,60,416.0,lbs,419.72,lbs
460,KEN,Kent,ST-480,2024-04-17T00:00:00,2024-04-18T00:00:00,Shipped,S,23-46,Alexan Woodinville,GREATER,Greater Seattle Concrete,24887.1029,L251,"14419 Woodinville-Red Rd,",,Woodinville,WA,98052,460,O-0000850,"BLDG 1, LEV 1, POUR 1, TOP MAT",7AHK,RB0560,Rebar Black #5 Grade 60,Inventory,Bar,Rebar Category,5,60,1702.0,lbs,1702.18,lbs
460,KEN,Kent,ST-480,2024-04-17T00:00:00,2024-04-18T00:00:00,Shipped,S,23-46,Alexan Woodinville,GREATER,Greater Seattle Concrete,24887.1029,L251,"14419 Woodinville-Red Rd,",,Woodinville,WA,98052,460,O-0000850,"BLDG 1, LEV 1, POUR 1, TOP MAT",7AHK,RB0560,Rebar Black #5 Grade 60,Inventory,Bar,Rebar Category,5,60,6.0,lbs,6.26,lbs
460,KEN,Kent,ST-480,2024-04-17T00:00:00,2024-04-18T00:00:00,Shipped,S,23-46,Alexan Woodinville,GREATER,Greater Seattle Concrete,24887.1029,L251,"14419 Woodinville-Red Rd,",,Woodinville,WA,98052,460,O-0000850,"BLDG 1, LEV 1, POUR 1, TOP MAT",7AHK,RB0560,Rebar Black #5 Grade 60,Inventory,Bar,Rebar Category,5,60,1285.0,lbs,1284.96,lbs
460,KEN,Kent,ST-480,2024-04-17T00:00:00,2024-04-18T00:00:00,Shipped,S,23-46,Alexan Woodinville,GREATER,Greater Seattle Concrete,24887.1029,L251,"14419 Woodinville-Red Rd,",,Woodinville,WA,98052,460,O-0000850,"BLDG 1, LEV 1, POUR 1, TOP MAT",7AHK,RB0560,Rebar Black #5 Grade 60,Inventory,Bar,Rebar Category,5,60,291.0,lbs,294.47,lbs
460,KEN,Kent,ST-480,2024-04-17T00:00:00,2024-04-18T00:00:00,Shipped,S,23-46,Alexan Woodinville,GREATER,Greater Seattle Concrete,24887.1029,L251,"14419 Woodinville-Red Rd,",,Woodinville,WA,98052,460,O-0000850,"BLDG 1, LEV 1, POUR 1, TOP MAT",7AHK,RB0560,Rebar Black #5 Grade 60,Inventory,Bar,Rebar Category,5,60,309.0,lbs,308.73,lbs
460,KEN,Kent,ST-480,2024-04-17T00:00:00,2024-04-18T00:00:00,Shipped,S,23-46,Alexan Woodinville,GREATER,Greater Seattle Concrete,24887.1029,L251,"14419 Woodinville-Red Rd,",,Woodinville,WA,98052,460,O-0000850,"BLDG 1, LEV 1, POUR 1, TOP MAT",7AHK,RB0760,Rebar Black #7 Grade 60,Inventory,Bar,Rebar Category,7,60,164.0,lbs,163.52,lbs
460,KEN,Kent,ST-480,2024-04-17T00:00:00,2024-04-18T00:00:00,Shipped,S,23-46,Alexan Woodinville,GREATER,Greater Seattle Concrete,24887.1029,L251,"14419 Woodinville-Red Rd,",,Woodinville,WA,98052,460,O-0000850,"BLDG 1, LEV 1, POUR 1, TOP MAT",7AHK,RB0560,Rebar Black #5 Grade 60,Inventory,Bar,Rebar Category,5,60,2594.0,lbs,2625.93,lbs
460,KEN,Kent,ST-480,2024-04-17T00:00:00,2024-04-18T00:00:00,Shipped,S,23-46,Alexan Woodinville,GREATER,Greater Seattle Concrete,24887.1029,L251,"14419 Woodinville-Red Rd,",,Woodinville,WA,98052,460,O-0000850,"BLDG 1, LEV 1, POUR 1, TOP MAT",7AHK,RB0560,Rebar Black #5 Grade 60,Inventory,Bar,Rebar Category,5,60,282.0,lbs,287.17,lbs
460,KEN,Kent,ST-480,2024-04-17T00:00:00,2024-04-18T00:00:00,Shipped,S,23-46,Alexan Woodinville,GREATER,Greater Seattle Concrete,24887.1029,L251,"14419 Woodinville-Red Rd,",,Woodinville,WA,98052,460,O-0000850,"BLDG 1, LEV 1, POUR 1, TOP MAT",7AHK,RB0560,Rebar Black #5 Grade 60,Inventory,Bar,Rebar Category,5,60,2161.0,lbs,2175.7,lbs
460,KEN,Kent,ST-480,2024-04-17T00:00:00,2024-04-18T00:00:00,Shipped,S,23-46,Alexan Woodinville,GREATER,Greater Seattle Concrete,24887.1029,L251,"14419 Woodinville-Red Rd,",,Woodinville,WA,98052,460,O-0000850,"BLDG 1, LEV 1, POUR 1, TOP MAT",7AHK,RB0760,Rebar Black #7 Grade 60,Inventory,Bar,Rebar Category,7,60,1533.0,lbs,1533.0,lbs
460,KEN,Kent,ST-480,2024-04-17T00:00:00,2024-04-18T00:00:00,Shipped,S,23-46,Alexan Woodinville,GREATER,Greater Seattle Concrete,24887.1029,L251,"14419 Woodinville-Red Rd,",,Woodinville,WA,98052,460,O-0000850,"BLDG 1, LEV 1, POUR 1, TOP MAT",7AHK,RB0760,Rebar Black #7 Grade 60,Inventory,Bar,Rebar Category,7,60,94.0,lbs,95.39,lbs
460,KEN,Kent,ST-480,2024-04-17T00:00:00,2024-04-18T00:00:00,Shipped,S,23-46,Alexan Woodinville,GREATER,Greater Seattle Concrete,24887.1029,L251,"14419 Woodinville-Red Rd,",,Woodinville,WA,98052,460,O-0000850,"BLDG 1, LEV 1, POUR 1, TOP MAT",7AHK,RB0760,Rebar Black #7 Grade 60,Inventory,Bar,Rebar Category,7,60,129.0,lbs,129.45,lbs
460,KEN,Kent,ST-480,2024-04-17T00:00:00,2024-04-18T00:00:00,Shipped,S,23-46,Alexan Woodinville,GREATER,Greater Seattle Concrete,24887.1029,L251,"14419 Woodinville-Red Rd,",,Woodinville,WA,98052,460,O-0000850,"BLDG 1, LEV 1, POUR 1, TOP MAT",7AHK,RB0760,Rebar Black #7 Grade 60,Inventory,Bar,Rebar Category,7,60,82.0,lbs,81.76,lbs
460,KEN,Kent,ST-480,2024-04-17T00:00:00,2024-04-18T00:00:00,Shipped,S,23-46,Alexan Woodinville,GREATER,Greater Seattle Concrete,24887.1029,L251,"14419 Woodinville-Red Rd,",,Woodinville,WA,98052,460,O-0000849,"BLDG 1, LEV 1, POUR 1, PT/SUPPORT",7AHJ,RB0460,Rebar Black #4 Grade 60,Inventory,Bar,Rebar Category,4,60,501.0,lbs,501.0,lbs
460,KEN,Kent,ST-480,2024-04-17T00:00:00,2024-04-18T00:00:00,Shipped,S,23-46,Alexan Woodinville,GREATER,Greater Seattle Concrete,24887.1029,L251,"14419 Woodinville-Red Rd,",,Woodinville,WA,98052,460,O-0000849,"BLDG 1, LEV 1, POUR 1, PT/SUPPORT",7AHJ,RB0460,Rebar Black #4 Grade 60,Inventory,Bar,Rebar Category,4,60,16.0,lbs,16.03,lbs
460,KEN,Kent,ST-480,2024-04-17T00:00:00,2024-04-18T00:00:00,Shipped,S,23-46,Alexan Woodinville,GREATER,Greater Seattle Concrete,24887.1029,L251,"14419 Woodinville-Red Rd,",,Woodinville,WA,98052,460,O-0000849,"BLDG 1, LEV 1, POUR 1, PT/SUPPORT",7AHJ,RB0360,Rebar Black #3 Grade 60,Inventory,Bar,Rebar Category,3,60,41.0,lbs,43.7,lbs
460,KEN,Kent,ST-480,2024-04-17T00:00:00,2024-04-18T00:00:00,Shipped,S,23-46,Alexan Woodinville,GREATER,Greater Seattle Concrete,24887.1029,L251,"14419 Woodinville-Red Rd,",,Woodinville,WA,98052,460,O-0000849,"BLDG 1, LEV 1, POUR 1, PT/SUPPORT",7AHJ,RB0460,Rebar Black #4 Grade 60,Inventory,Bar,Rebar Category,4,60,12.0,lbs,12.47,lbs
460,KEN,Kent,ST-480,2024-04-17T00:00:00,2024-04-18T00:00:00,Shipped,S,23-46,Alexan Woodinville,GREATER,Greater Seattle Concrete,24887.1029,L251,"14419 Woodinville-Red Rd,",,Woodinville,WA,98052,460,O-0000849,"BLDG 1, LEV 1, POUR 1, PT/SUPPORT",7AHJ,RB0360,Rebar Black #3 Grade 60,Inventory,Bar,Rebar Category,3,60,14.0,lbs,15.04,lbs
460,KEN,Kent,ST-480,2024-04-17T00:00:00,2024-04-18T00:00:00,Shipped,S,23-46,Alexan Woodinville,GREATER,Greater Seattle Concrete,24887.1029,L251,"14419 Woodinville-Red Rd,",,Woodinville,WA,98052,460,O-0000849,"BLDG 1, LEV 1, POUR 1, PT/SUPPORT",7AHJ,RB0460,Rebar Black #4 Grade 60,Inventory,Bar,Rebar Category,4,60,18.0,lbs,17.82,lbs
460,KEN,Kent,ST-480,2024-04-17T00:00:00,2024-04-18T00:00:00,Shipped,S,23-46,Alexan Woodinville,GREATER,Greater Seattle Concrete,24887.1029,L251,"14419 Woodinville-Red Rd,",,Woodinville,WA,98052,460,O-0000849,"BLDG 1, LEV 1, POUR 1, PT/SUPPORT",7AHJ,RB0360,Rebar Black #3 Grade 60,Inventory,Bar,Rebar Category,3,60,30.0,lbs,31.96,lbs
460,KEN,Kent,ST-480,2024-04-17T00:00:00,2024-04-18T00:00:00,Shipped,S,23-46,Alexan Woodinville,GREATER,Greater Seattle Concrete,24887.1029,L251,"14419 Woodinville-Red Rd,",,Woodinville,WA,98052,460,O-0000849,"BLDG 1, LEV 1, POUR 1, PT/SUPPORT",7AHJ,RB0460,Rebar Black #4 Grade 60,Inventory,Bar,Rebar Category,4,60,113.0,lbs,114.0,lbs
460,KEN,Kent,ST-480,2024-04-17T00:00:00,2024-04-18T00:00:00,Shipped,S,23-46,Alexan Woodinville,GREATER,Greater Seattle Concrete,24887.1029,L251,"14419 Woodinville-Red Rd,",,Woodinville,WA,98052,460,O-0000849,"BLDG 1, LEV 1, POUR 1, PT/SUPPORT",7AHJ,RB0460,Rebar Black #4 Grade 60,Inventory,Bar,Rebar Category,4,60,27.0,lbs,26.72,lbs
460,KEN,Kent,ST-480,2024-04-17T00:00:00,2024-04-18T00:00:00,Shipped,S,23-46,Alexan Woodinville,GREATER,Greater Seattle Concrete,24887.1029,L251,"14419 Woodinville-Red Rd,",,Woodinville,WA,98052,460,O-0000849,"BLDG 1, LEV 1, POUR 1, PT/SUPPORT",7AHJ,RB0460,Rebar Black #4 Grade 60,Inventory,Bar,Rebar Category,4,60,57.0,lbs,57.44,lbs
460,KEN,Kent,ST-480,2024-04-17T00:00:00,2024-04-18T00:00:00,Shipped,S,23-46,Alexan Woodinville,GREATER,Greater Seattle Concrete,24887.1029,L251,"14419 Woodinville-Red Rd,",,Woodinville,WA,98052,460,O-0000849,"BLDG 1, LEV 1, POUR 1, PT/SUPPORT",7AHJ,RB0360,Rebar Black #3 Grade 60,Inventory,Bar,Rebar Category,3,60,44.0,lbs,48.26,lbs
460,KEN,Kent,ST-480,2024-04-17T00:00:00,2024-04-18T00:00:00,Shipped,S,23-46,Alexan Woodinville,GREATER,Greater Seattle Concrete,24887.1029,L251,"14419 Woodinville-Red Rd,",,Woodinville,WA,98052,460,O-0000849,"BLDG 1, LEV 1, POUR 1, PT/SUPPORT",7AHJ,RB0460,Rebar Black #4 Grade 60,Inventory,Bar,Rebar Category,4,60,13.0,lbs,13.58,lbs
460,KEN,Kent,ST-480,2024-04-17T00:00:00,2024-04-18T00:00:00,Shipped,S,23-46,Alexan Woodinville,GREATER,Greater Seattle Concrete,24887.1029,L251,"14419 Woodinville-Red Rd,",,Woodinville,WA,98052,460,O-0000849,"BLDG 1, LEV 1, POUR 1, PT/SUPPORT",7AHJ,RB0460,Rebar Black #4 Grade 60,Inventory,Bar,Rebar Category,4,60,13.0,lbs,12.69,lbs
460,KEN,Kent,ST-480,2024-04-17T00:00:00,2024-04-18T00:00:00,Shipped,S,23-46,Alexan Woodinville,GREATER,Greater Seattle Concrete,24887.1029,L251,"14419 Woodinville-Red Rd,",,Woodinville,WA,98052,460,O-0000849,"BLDG 1, LEV 1, POUR 1, PT/SUPPORT",7AHJ,RB0460,Rebar Black #4 Grade 60,Inventory,Bar,Rebar Category,4,60,53.0,lbs,53.45,lbs
460,KEN,Kent,ST-480,2024-04-17T00:00:00,2024-04-18T00:00:00,Shipped,S,23-46,Alexan Woodinville,GREATER,Greater Seattle Concrete,24887.1029,L251,"14419 Woodinville-Red Rd,",,Woodinville,WA,98052,460,O-0000849,"BLDG 1, LEV 1, POUR 1, PT/SUPPORT",7AHJ,RB0360,Rebar Black #3 Grade 60,Inventory,Bar,Rebar Category,3,60,111.0,lbs,117.3,lbs
460,KEN,Kent,ST-480,2024-04-17T00:00:00,2024-04-18T00:00:00,Shipped,S,23-46,Alexan Woodinville,GREATER,Greater Seattle Concrete,24887.1029,L251,"14419 Woodinville-Red Rd,",,Woodinville,WA,98052,460,O-0000849,"BLDG 1, LEV 1, POUR 1, PT/SUPPORT",7AHJ,RB0460,Rebar Black #4 Grade 60,Inventory,Bar,Rebar Category,4,60,13.0,lbs,13.35,lbs
460,KEN,Kent,ST-480,2024-04-17T00:00:00,2024-04-18T00:00:00,Shipped,S,23-46,Alexan Woodinville,GREATER,Greater Seattle Concrete,24887.1029,L251,"14419 Woodinville-Red Rd,",,Woodinville,WA,98052,460,O-0000849,"BLDG 1, LEV 1, POUR 1, PT/SUPPORT",7AHJ,RB0460,Rebar Black #4 Grade 60,Inventory,Bar,Rebar Category,4,60,7.0,lbs,6.9,lbs
460,KEN,Kent,ST-480,2024-04-17T00:00:00,2024-04-18T00:00:00,Shipped,S,23-46,Alexan Woodinville,GREATER,Greater Seattle Concrete,24887.1029,L251,"14419 Woodinville-Red Rd,",,Woodinville,WA,98052,460,O-0000849,"BLDG 1, LEV 1, POUR 1, PT/SUPPORT",7AHJ,RB0460,Rebar Black #4 Grade 60,Inventory,Bar,Rebar Category,4,60,324.0,lbs,323.98,lbs
460,KEN,Kent,ST-480,2024-04-17T00:00:00,2024-04-18T00:00:00,Shipped,S,23-46,Alexan Woodinville,GREATER,Greater Seattle Concrete,24887.1029,L251,"14419 Woodinville-Red Rd,",,Woodinville,WA,98052,460,O-0000849,"BLDG 1, LEV 1, POUR 1, PT/SUPPORT",7AHJ,RB0460,Rebar Black #4 Grade 60,Inventory,Bar,Rebar Category,4,60,69.0,lbs,69.48,lbs
460,KEN,Kent,ST-480,2024-04-17T00:00:00,2024-04-18T00:00:00,Shipped,S,23-46,Alexan Woodinville,GREATER,Greater Seattle Concrete,24887.1029,L251,"14419 Woodinville-Red Rd,",,Woodinville,WA,98052,460,O-0000849,"BLDG 1, LEV 1, POUR 1, PT/SUPPORT",7AHJ,RB0360,Rebar Black #3 Grade 60,Inventory,Bar,Rebar Category,3,60,31.0,lbs,33.09,lbs
460,KEN,Kent,ST-480,2024-04-17T00:00:00,2024-04-18T00:00:00,Shipped,S,23-46,Alexan Woodinville,GREATER,Greater Seattle Concrete,24887.1029,L251,"14419 Woodinville-Red Rd,",,Woodinville,WA,98052,460,O-0000849,"BLDG 1, LEV 1, POUR 1, PT/SUPPORT",7AHJ,RB0460,Rebar Black #4 Grade 60,Inventory,Bar,Rebar Category,4,60,128.0,lbs,128.24,lbs
460,KEN,Kent,ST-480,2024-04-17T00:00:00,2024-04-18T00:00:00,Shipped,S,23-46,Alexan Woodinville,GREATER,Greater Seattle Concrete,24887.1029,L251,"14419 Woodinville-Red Rd,",,Woodinville,WA,98052,460,O-0000849,"BLDG 1, LEV 1, POUR 1, PT/SUPPORT",7AHJ,RB0460,Rebar Black #4 Grade 60,Inventory,Bar,Rebar Category,4,60,80.0,lbs,80.16,lbs
460,KEN,Kent,ST-480,2024-04-17T00:00:00,2024-04-18T00:00:00,Shipped,S,23-46,Alexan Woodinville,GREATER,Greater Seattle Concrete,24887.1029,L251,"14419 Woodinville-Red Rd,",,Woodinville,WA,98052,460,O-0000849,"BLDG 1, LEV 1, POUR 1, PT/SUPPORT",7AHJ,RB0460,Rebar Black #4 Grade 60,Inventory,Bar,Rebar Category,4,60,60.0,lbs,60.12,lbs
460,KEN,Kent,ST-480,2024-04-17T00:00:00,2024-04-18T00:00:00,Shipped,S,23-46,Alexan Woodinville,GREATER,Greater Seattle Concrete,24887.1029,L251,"14419 Woodinville-Red Rd,",,Woodinville,WA,98052,460,O-0000849,"BLDG 1, LEV 1, POUR 1, PT/SUPPORT",7AHJ,RB0460,Rebar Black #4 Grade 60,Inventory,Bar,Rebar Category,4,60,37.0,lbs,37.38,lbs
460,KEN,Kent,ST-480,2024-04-17T00:00:00,2024-04-18T00:00:00,Shipped,S,23-46,Alexan Woodinville,GREATER,Greater Seattle Concrete,24887.1029,L251,"14419 Woodinville-Red Rd,",,Woodinville,WA,98052,460,O-0000849,"BLDG 1, LEV 1, POUR 1, PT/SUPPORT",7AHJ,RB0460,Rebar Black #4 Grade 60,Inventory,Bar,Rebar Category,4,60,2485.0,lbs,2484.96,lbs
460,KEN,Kent,ST-480,2024-04-17T00:00:00,2024-04-18T00:00:00,Shipped,S,23-46,Alexan Woodinville,GREATER,Greater Seattle Concrete,24887.1029,L251,"14419 Woodinville-Red Rd,",,Woodinville,WA,98052,460,O-0000849,"BLDG 1, LEV 1, POUR 1, PT/SUPPORT",7AHJ,RB0460,Rebar Black #4 Grade 60,Inventory,Bar,Rebar Category,4,60,244.0,lbs,243.82,lbs
460,KEN,Kent,ST-480,2024-04-17T00:00:00,2024-04-18T00:00:00,Shipped,S,23-46,Alexan Woodinville,GREATER,Greater Seattle Concrete,24887.1029,L251,"14419 Woodinville-Red Rd,",,Woodinville,WA,98052,460,O-0000848,"BLDG 1, LEV 1, POUR 1, BOT MAT",7AHI,RB0460,Rebar Black #4 Grade 60,Inventory,Bar,Rebar Category,4,60,215.0,lbs,214.87,lbs
460,KEN,Kent,ST-480,2024-04-17T00:00:00,2024-04-18T00:00:00,Shipped,S,23-46,Alexan Woodinville,GREATER,Greater Seattle Concrete,24887.1029,L251,"14419 Woodinville-Red Rd,",,Woodinville,WA,98052,460,O-0000848,"BLDG 1, LEV 1, POUR 1, BOT MAT",7AHI,RB0560,Rebar Black #5 Grade 60,Inventory,Bar,Rebar Category,5,60,918.0,lbs,917.84,lbs
460,KEN,Kent,ST-480,2024-04-17T00:00:00,2024-04-18T00:00:00,Shipped,S,23-46,Alexan Woodinville,GREATER,Greater Seattle Concrete,24887.1029,L251,"14419 Woodinville-Red Rd,",,Woodinville,WA,98052,460,O-0000848,"BLDG 1, LEV 1, POUR 1, BOT MAT",7AHI,RB0460,Rebar Black #4 Grade 60,Inventory,Bar,Rebar Category,4,60,1309.0,lbs,1309.28,lbs
460,KEN,Kent,ST-480,2024-04-17T00:00:00,2024-04-18T00:00:00,Shipped,S,23-46,Alexan Woodinville,GREATER,Greater Seattle Concrete,24887.1029,L251,"14419 Woodinville-Red Rd,",,Woodinville,WA,98052,460,O-0000848,"BLDG 1, LEV 1, POUR 1, BOT MAT",7AHI,RB0460,Rebar Black #4 Grade 60,Inventory,Bar,Rebar Category,4,60,34.0,lbs,34.07,lbs
460,KEN,Kent,ST-480,2024-04-17T00:00:00,2024-04-18T00:00:00,Shipped,S,23-46,Alexan Woodinville,GREATER,Greater Seattle Concrete,24887.1029,L251,"14419 Woodinville-Red Rd,",,Woodinville,WA,98052,460,O-0000848,"BLDG 1, LEV 1, POUR 1, BOT MAT",7AHI,RB0460,Rebar Black #4 Grade 60,Inventory,Bar,Rebar Category,4,60,43.0,lbs,42.76,lbs
460,KEN,Kent,ST-480,2024-04-17T00:00:00,2024-04-18T00:00:00,Shipped,S,23-46,Alexan Woodinville,GREATER,Greater Seattle Concrete,24887.1029,L251,"14419 Woodinville-Red Rd,",,Woodinville,WA,98052,460,O-0000848,"BLDG 1, LEV 1, POUR 1, BOT MAT",7AHI,RB0460,Rebar Black #4 Grade 60,Inventory,Bar,Rebar Category,4,60,876.0,lbs,876.42,lbs
460,KEN,Kent,ST-480,2024-04-17T00:00:00,2024-04-18T00:00:00,Shipped,S,23-46,Alexan Woodinville,GREATER,Greater Seattle Concrete,24887.1029,L251,"14419 Woodinville-Red Rd,",,Woodinville,WA,98052,460,O-0000848,"BLDG 1, LEV 1, POUR 1, BOT MAT",7AHI,RB0560,Rebar Black #5 Grade 60,Inventory,Bar,Rebar Category,5,60,1702.0,lbs,1702.18,lbs
460,KEN,Kent,ST-480,2024-04-17T00:00:00,2024-04-18T00:00:00,Shipped,S,23-46,Alexan Woodinville,GREATER,Greater Seattle Concrete,24887.1029,L251,"14419 Woodinville-Red Rd,",,Woodinville,WA,98052,460,O-0000848,"BLDG 1, LEV 1, POUR 1, BOT MAT",7AHI,RB0460,Rebar Black #4 Grade 60,Inventory,Bar,Rebar Category,4,60,112.0,lbs,112.22,lbs
460,KEN,Kent,ST-480,2024-04-17T00:00:00,2024-04-18T00:00:00,Shipped,S,23-46,Alexan Woodinville,GREATER,Greater Seattle Concrete,24887.1029,L251,"14419 Woodinville-Red Rd,",,Woodinville,WA,98052,460,O-0000848,"BLDG 1, LEV 1, POUR 1, BOT MAT",7AHI,RB0460,Rebar Black #4 Grade 60,Inventory,Bar,Rebar Category,4,60,930.0,lbs,929.85,lbs
460,KEN,Kent,ST-480,2024-04-17T00:00:00,2024-04-18T00:00:00,Shipped,S,23-46,Alexan Woodinville,GREATER,Greater Seattle Concrete,24887.1029,L251,"14419 Woodinville-Red Rd,",,Woodinville,WA,98052,460,O-0000848,"BLDG 1, LEV 1, POUR 1, BOT MAT",7AHI,RB0460,Rebar Black #4 Grade 60,Inventory,Bar,Rebar Category,4,60,309.0,lbs,308.61,lbs
460,KEN,Kent,ST-480,2024-04-17T00:00:00,2024-04-18T00:00:00,Shipped,S,23-46,Alexan Woodinville,GREATER,Greater Seattle Concrete,24887.1029,L251,"14419 Woodinville-Red Rd,",,Woodinville,WA,98052,460,O-0000848,"BLDG 1, LEV 1, POUR 1, BOT MAT",7AHI,RB0460,Rebar Black #4 Grade 60,Inventory,Bar,Rebar Category,4,60,346.0,lbs,346.02,lbs
460,KEN,Kent,ST-480,2024-04-17T00:00:00,2024-04-18T00:00:00,Shipped,S,23-46,Alexan Woodinville,GREATER,Greater Seattle Concrete,24887.1029,L251,"14419 Woodinville-Red Rd,",,Woodinville,WA,98052,460,O-0000848,"BLDG 1, LEV 1, POUR 1, BOT MAT",7AHI,RB0460,Rebar Black #4 Grade 60,Inventory,Bar,Rebar Category,4,60,100.0,lbs,100.2,lbs
460,KEN,Kent,ST-480,2024-04-17T00:00:00,2024-04-18T00:00:00,Shipped,S,23-46,Alexan Woodinville,GREATER,Greater Seattle Concrete,24887.1029,L251,"14419 Woodinville-Red Rd,",,Woodinville,WA,98052,460,O-0000848,"BLDG 1, LEV 1, POUR 1, BOT MAT",7AHI,RB0460,Rebar Black #4 Grade 60,Inventory,Bar,Rebar Category,4,60,54.0,lbs,55.22,lbs
460,KEN,Kent,ST-480,2024-04-17T00:00:00,2024-04-18T00:00:00,Shipped,S,23-46,Alexan Woodinville,GREATER,Greater Seattle Concrete,24887.1029,L251,"14419 Woodinville-Red Rd,",,Woodinville,WA,98052,460,O-0000848,"BLDG 1, LEV 1, POUR 1, BOT MAT",7AHI,RB0560,Rebar Black #5 Grade 60,Inventory,Bar,Rebar Category,5,60,234.0,lbs,233.63,lbs
460,KEN,Kent,ST-480,2024-04-17T00:00:00,2024-04-18T00:00:00,Shipped,S,23-46,Alexan Woodinville,GREATER,Greater Seattle Concrete,24887.1029,L251,"14419 Woodinville-Red Rd,",,Woodinville,WA,98052,460,O-0000848,"BLDG 1, LEV 1, POUR 1, BOT MAT",7AHI,RB0560,Rebar Black #5 Grade 60,Inventory,Bar,Rebar Category,5,60,150.0,lbs,150.19,lbs
460,KEN,Kent,ST-480,2024-04-17T00:00:00,2024-04-18T00:00:00,Shipped,S,23-46,Alexan Woodinville,GREATER,Greater Seattle Concrete,24887.1029,L251,"14419 Woodinville-Red Rd,",,Woodinville,WA,98052,460,O-0000848,"BLDG 1, LEV 1, POUR 1, BOT MAT",7AHI,RB0560,Rebar Black #5 Grade 60,Inventory,Bar,Rebar Category,5,60,93.0,lbs,93.17,lbs
460,KEN,Kent,ST-480,2024-04-17T00:00:00,2024-04-18T00:00:00,Shipped,S,23-46,Alexan Woodinville,GREATER,Greater Seattle Concrete,24887.1029,L251,"14419 Woodinville-Red Rd,",,Woodinville,WA,98052,460,O-0000848,"BLDG 1, LEV 1, POUR 1, BOT MAT",7AHI,RB0560,Rebar Black #5 Grade 60,Inventory,Bar,Rebar Category,5,60,250.0,lbs,250.32,lbs
460,KEN,Kent,ST-480,2024-04-17T00:00:00,2024-04-18T00:00:00,Shipped,S,23-46,Alexan Woodinville,GREATER,Greater Seattle Concrete,24887.1029,L251,"14419 Woodinville-Red Rd,",,Woodinville,WA,98052,460,O-0000848,"BLDG 1, LEV 1, POUR 1, BOT MAT",7AHI,RB0460,Rebar Black #4 Grade 60,Inventory,Bar,Rebar Category,4,60,3283.0,lbs,3282.57,lbs
460,KEN,Kent,ST-480,2024-04-17T00:00:00,2024-04-18T00:00:00,Shipped,S,23-46,Alexan Woodinville,GREATER,Greater Seattle Concrete,24887.1029,L251,"14419 Woodinville-Red Rd,",,Woodinville,WA,98052,460,O-0000848,"BLDG 1, LEV 1, POUR 1, BOT MAT",7AHI,RB0560,Rebar Black #5 Grade 60,Inventory,Bar,Rebar Category,5,60,6.0,lbs,6.26,lbs
460,KEN,Kent,ST-480,2024-04-17T00:00:00,2024-04-18T00:00:00,Shipped,S,23-46,Alexan Woodinville,GREATER,Greater Seattle Concrete,24887.1029,L251,"14419 Woodinville-Red Rd,",,Woodinville,WA,98052,460,O-0000848,"BLDG 1, LEV 1, POUR 1, BOT MAT",7AHI,RB0560,Rebar Black #5 Grade 60,Inventory,Bar,Rebar Category,5,60,826.0,lbs,826.06,lbs
460,KEN,Kent,ST-480,2024-04-17T00:00:00,2024-04-18T00:00:00,Shipped,S,23-46,Alexan Woodinville,GREATER,Greater Seattle Concrete,24887.1029,L251,"14419 Woodinville-Red Rd,",,Woodinville,WA,98052,460,O-0000848,"BLDG 1, LEV 1, POUR 1, BOT MAT",7AHI,RB0560,Rebar Black #5 Grade 60,Inventory,Bar,Rebar Category,5,60,185.0,lbs,187.39,lbs
460,KEN,Kent,ST-480,2024-04-17T00:00:00,2024-04-18T00:00:00,Shipped,S,23-46,Alexan Woodinville,GREATER,Greater Seattle Concrete,24887.1029,L251,"14419 Woodinville-Red Rd,",,Woodinville,WA,98052,460,O-0000848,"BLDG 1, LEV 1, POUR 1, BOT MAT",7AHI,RB0560,Rebar Black #5 Grade 60,Inventory,Bar,Rebar Category,5,60,117.0,lbs,116.82,lbs
460,KEN,Kent,ST-480,2024-04-17T00:00:00,2024-04-18T00:00:00,Shipped,S,23-46,Alexan Woodinville,GREATER,Greater Seattle Concrete,24887.1029,L251,"14419 Woodinville-Red Rd,",,Woodinville,WA,98052,460,O-0000848,"BLDG 1, LEV 1, POUR 1, BOT MAT",7AHI,RB0760,Rebar Black #7 Grade 60,Inventory,Bar,Rebar Category,7,60,164.0,lbs,163.52,lbs
460,KEN,Kent,ST-480,2024-04-17T00:00:00,2024-04-18T00:00:00,Shipped,S,23-46,Alexan Woodinville,GREATER,Greater Seattle Concrete,24887.1029,L251,"14419 Woodinville-Red Rd,",,Woodinville,WA,98052,460,O-0000848,"BLDG 1, LEV 1, POUR 1, BOT MAT",7AHI,RB0560,Rebar Black #5 Grade 60,Inventory,Bar,Rebar Category,5,60,2594.0,lbs,2625.93,lbs
460,KEN,Kent,ST-480,2024-04-17T00:00:00,2024-04-18T00:00:00,Shipped,S,23-46,Alexan Woodinville,GREATER,Greater Seattle Concrete,24887.1029,L251,"14419 Woodinville-Red Rd,",,Woodinville,WA,98052,460,O-0000848,"BLDG 1, LEV 1, POUR 1, BOT MAT",7AHI,RB0560,Rebar Black #5 Grade 60,Inventory,Bar,Rebar Category,5,60,282.0,lbs,287.17,lbs
460,KEN,Kent,ST-480,2024-04-17T00:00:00,2024-04-18T00:00:00,Shipped,S,23-46,Alexan Woodinville,GREATER,Greater Seattle Concrete,24887.1029,L251,"14419 Woodinville-Red Rd,",,Woodinville,WA,98052,460,O-0000848,"BLDG 1, LEV 1, POUR 1, BOT MAT",7AHI,RB0560,Rebar Black #5 Grade 60,Inventory,Bar,Rebar Category,5,60,2161.0,lbs,2175.7,lbs
460,KEN,Kent,ST-480,2024-04-17T00:00:00,2024-04-18T00:00:00,Shipped,S,23-46,Alexan Woodinville,GREATER,Greater Seattle Concrete,24887.1029,L251,"14419 Woodinville-Red Rd,",,Woodinville,WA,98052,460,O-0000848,"BLDG 1, LEV 1, POUR 1, BOT MAT",7AHI,RB0760,Rebar Black #7 Grade 60,Inventory,Bar,Rebar Category,7,60,1533.0,lbs,1533.0,lbs
460,KEN,Kent,ST-480,2024-04-17T00:00:00,2024-04-18T00:00:00,Shipped,S,23-46,Alexan Woodinville,GREATER,Greater Seattle Concrete,24887.1029,L251,"14419 Woodinville-Red Rd,",,Woodinville,WA,98052,460,O-0000848,"BLDG 1, LEV 1, POUR 1, BOT MAT",7AHI,RB0760,Rebar Black #7 Grade 60,Inventory,Bar,Rebar Category,7,60,94.0,lbs,95.39,lbs
460,KEN,Kent,ST-480,2024-04-17T00:00:00,2024-04-18T00:00:00,Shipped,S,23-46,Alexan Woodinville,GREATER,Greater Seattle Concrete,24887.1029,L251,"14419 Woodinville-Red Rd,",,Woodinville,WA,98052,460,O-0000848,"BLDG 1, LEV 1, POUR 1, BOT MAT",7AHI,RB0760,Rebar Black #7 Grade 60,Inventory,Bar,Rebar Category,7,60,129.0,lbs,129.45,lbs
460,KEN,Kent,ST-480,2024-04-17T00:00:00,2024-04-18T00:00:00,Shipped,S,23-46,Alexan Woodinville,GREATER,Greater Seattle Concrete,24887.1029,L251,"14419 Woodinville-Red Rd,",,Woodinville,WA,98052,460,O-0000848,"BLDG 1, LEV 1, POUR 1, BOT MAT",7AHI,RB0760,Rebar Black #7 Grade 60,Inventory,Bar,Rebar Category,7,60,82.0,lbs,81.76,lbs
460,KEN,Kent,ST-480,2024-04-17T00:00:00,2024-04-18T00:00:00,Shipped,S,23-46,Alexan Woodinville,GREATER,Greater Seattle Concrete,24887.1029,L251,"14419 Woodinville-Red Rd,",,Woodinville,WA,98052,460,O-0000847,"BLDG 1, LEV 1, POUR 1, BEAMS",7AHD,RB10706,Rebar Black #10 Grade A706,Inventory,Bar,Rebar Category,10,A706,2371.0,lbs,2370.95,lbs
460,KEN,Kent,ST-480,2024-04-17T00:00:00,2024-04-18T00:00:00,Shipped,S,23-46,Alexan Woodinville,GREATER,Greater Seattle Concrete,24887.1029,L251,"14419 Woodinville-Red Rd,",,Woodinville,WA,98052,460,O-0000847,"BLDG 1, LEV 1, POUR 1, BEAMS",7AHD,RB10706,Rebar Black #10 Grade A706,Inventory,Bar,Rebar Category,10,A706,2371.0,lbs,2370.95,lbs
460,KEN,Kent,ST-480,2024-04-17T00:00:00,2024-04-18T00:00:00,Shipped,S,23-46,Alexan Woodinville,GREATER,Greater Seattle Concrete,24887.1029,L251,"14419 Woodinville-Red Rd,",,Woodinville,WA,98052,460,O-0000847,"BLDG 1, LEV 1, POUR 1, BEAMS",7AHD,RB10706,Rebar Black #10 Grade A706,Inventory,Bar,Rebar Category,10,A706,990.0,lbs,1018.36,lbs
460,KEN,Kent,ST-480,2024-04-17T00:00:00,2024-04-18T00:00:00,Shipped,S,23-46,Alexan Woodinville,GREATER,Greater Seattle Concrete,24887.1029,L251,"14419 Woodinville-Red Rd,",,Woodinville,WA,98052,460,O-0000847,"BLDG 1, LEV 1, POUR 1, BEAMS",7AHD,RB10706,Rebar Black #10 Grade A706,Inventory,Bar,Rebar Category,10,A706,1420.0,lbs,1419.99,lbs
460,KEN,Kent,ST-480,2024-04-17T00:00:00,2024-04-18T00:00:00,Shipped,S,23-46,Alexan Woodinville,GREATER,Greater Seattle Concrete,24887.1029,L251,"14419 Woodinville-Red Rd,",,Woodinville,WA,98052,460,O-0000847,"BLDG 1, LEV 1, POUR 1, BEAMS",7AHD,RB04706,Rebar Black #4 Grade A706,Inventory,Bar,Rebar Category,4,A706,1395.0,lbs,1442.88,lbs
460,KEN,Kent,ST-480,2024-04-17T00:00:00,2024-04-18T00:00:00,Shipped,S,23-46,Alexan Woodinville,GREATER,Greater Seattle Concrete,24887.1029,L251,"14419 Woodinville-Red Rd,",,Woodinville,WA,98052,460,O-0000847,"BLDG 1, LEV 1, POUR 1, BEAMS",7AHD,RB04706,Rebar Black #4 Grade A706,Inventory,Bar,Rebar Category,4,A706,529.0,lbs,545.08,lbs
460,KEN,Kent,ST-480,2024-04-17T00:00:00,2024-04-18T00:00:00,Shipped,S,23-46,Alexan Woodinville,GREATER,Greater Seattle Concrete,24887.1029,L251,"14419 Woodinville-Red Rd,",,Woodinville,WA,98052,460,O-0000847,"BLDG 1, LEV 1, POUR 1, BEAMS",7AHD,RB04706,Rebar Black #4 Grade A706,Inventory,Bar,Rebar Category,4,A706,1170.0,lbs,1218.44,lbs
460,KEN,Kent,ST-480,2024-04-17T00:00:00,2024-04-18T00:00:00,Shipped,S,23-46,Alexan Woodinville,GREATER,Greater Seattle Concrete,24887.1029,L251,"14419 Woodinville-Red Rd,",,Woodinville,WA,98052,460,O-0000847,"BLDG 1, LEV 1, POUR 1, BEAMS",7AHD,RB10706,Rebar Black #10 Grade A706,Inventory,Bar,Rebar Category,10,A706,1721.0,lbs,1749.88,lbs
462,KEN,Kent,ST-482,2024-04-18T00:00:00,2024-04-18T00:00:00,Shipped,S,CS-24041,PJ Construction,PJ CON,PJ Construction,908.3459,L517,Will Call @ PSS,,Kent,WA,98032,462,O-0001507,"#5 20"" Bundle",AAOF,RB0560,Rebar Black #5 Grade 60,Inventory,Bar,Rebar Category,5,60,2003.0,lbs,2002.56,lbs
468,KEN,Kent,ST-488,2024-04-18T00:00:00,2024-04-18T00:00:00,Shipped,S,CS-24002,Valley Supply Co.,VALLEY,Valley Supply Co.,5131.6583,L500,WILL CALL @ PSS,,Kent,WA,98032,468,O-0001473,PO# 7035673,AANX,RB0460,Rebar Black #4 Grade 60,Inventory,Bar,Rebar Category,4,60,72.0,lbs,73.48,lbs
468,KEN,Kent,ST-488,2024-04-18T00:00:00,2024-04-18T00:00:00,Shipped,S,CS-24002,Valley Supply Co.,VALLEY,Valley Supply Co.,5131.6583,L500,WILL CALL @ PSS,,Kent,WA,98032,468,O-0001473,PO# 7035673,AANX,RB0460,Rebar Black #4 Grade 60,Inventory,Bar,Rebar Category,4,60,88.0,lbs,88.18,lbs
468,KEN,Kent,ST-488,2024-04-18T00:00:00,2024-04-18T00:00:00,Shipped,S,CS-24002,Valley Supply Co.,VALLEY,Valley Supply Co.,5131.6583,L500,WILL CALL @ PSS,,Kent,WA,98032,468,O-0001473,PO# 7035673,AANX,RB0460,Rebar Black #4 Grade 60,Inventory,Bar,Rebar Category,4,60,91.0,lbs,92.18,lbs
468,KEN,Kent,ST-488,2024-04-18T00:00:00,2024-04-18T00:00:00,Shipped,S,CS-24002,Valley Supply Co.,VALLEY,Valley Supply Co.,5131.6583,L500,WILL CALL @ PSS,,Kent,WA,98032,468,O-0001473,PO# 7035673,AANX,RB0460,Rebar Black #4 Grade 60,Inventory,Bar,Rebar Category,4,60,222.0,lbs,224.45,lbs
468,KEN,Kent,ST-488,2024-04-18T00:00:00,2024-04-18T00:00:00,Shipped,S,CS-24002,Valley Supply Co.,VALLEY,Valley Supply Co.,5131.6583,L500,WILL CALL @ PSS,,Kent,WA,98032,468,O-0001473,PO# 7035673,AANX,RB0460,Rebar Black #4 Grade 60,Inventory,Bar,Rebar Category,4,60,240.0,lbs,240.48,lbs
468,KEN,Kent,ST-488,2024-04-18T00:00:00,2024-04-18T00:00:00,Shipped,S,CS-24002,Valley Supply Co.,VALLEY,Valley Supply Co.,5131.6583,L500,WILL CALL @ PSS,,Kent,WA,98032,468,O-0001473,PO# 7035673,AANX,RB0460,Rebar Black #4 Grade 60,Inventory,Bar,Rebar Category,4,60,26.0,lbs,26.05,lbs
468,KEN,Kent,ST-488,2024-04-18T00:00:00,2024-04-18T00:00:00,Shipped,S,CS-24002,Valley Supply Co.,VALLEY,Valley Supply Co.,5131.6583,L500,WILL CALL @ PSS,,Kent,WA,98032,468,O-0001473,PO# 7035673,AANX,RB0460,Rebar Black #4 Grade 60,Inventory,Bar,Rebar Category,4,60,55.0,lbs,55.11,lbs
468,KEN,Kent,ST-488,2024-04-18T00:00:00,2024-04-18T00:00:00,Shipped,S,CS-24002,Valley Supply Co.,VALLEY,Valley Supply Co.,5131.6583,L500,WILL CALL @ PSS,,Kent,WA,98032,468,O-0001473,PO# 7035673,AANX,RB0560,Rebar Black #5 Grade 60,Inventory,Bar,Rebar Category,5,60,2920.0,lbs,2920.4,lbs
468,KEN,Kent,ST-488,2024-04-18T00:00:00,2024-04-18T00:00:00,Shipped,S,CS-24002,Valley Supply Co.,VALLEY,Valley Supply Co.,5131.6583,L500,WILL CALL @ PSS,,Kent,WA,98032,468,O-0001473,PO# 7035673,AANX,RB0560,Rebar Black #5 Grade 60,Inventory,Bar,Rebar Category,5,60,2920.0,lbs,2920.4,lbs
468,KEN,Kent,ST-488,2024-04-18T00:00:00,2024-04-18T00:00:00,Shipped,S,CS-24002,Valley Supply Co.,VALLEY,Valley Supply Co.,5131.6583,L500,WILL CALL @ PSS,,Kent,WA,98032,468,O-0001473,PO# 7035673,AANX,RB0560,Rebar Black #5 Grade 60,Inventory,Bar,Rebar Category,5,60,1144.0,lbs,1168.16,lbs
468,KEN,Kent,ST-488,2024-04-18T00:00:00,2024-04-18T00:00:00,Shipped,S,CS-24002,Valley Supply Co.,VALLEY,Valley Supply Co.,5131.6583,L500,WILL CALL @ PSS,,Kent,WA,98032,468,O-0001473,PO# 7035673,AANX,RB0560,Rebar Black #5 Grade 60,Inventory,Bar,Rebar Category,5,60,1144.0,lbs,1168.16,lbs
468,KEN,Kent,ST-488,2024-04-18T00:00:00,2024-04-18T00:00:00,Shipped,S,CS-24002,Valley Supply Co.,VALLEY,Valley Supply Co.,5131.6583,L500,WILL CALL @ PSS,,Kent,WA,98032,468,O-0001473,PO# 7035673,AANX,RB0560,Rebar Black #5 Grade 60,Inventory,Bar,Rebar Category,5,60,1144.0,lbs,1168.16,lbs
468,KEN,Kent,ST-488,2024-04-18T00:00:00,2024-04-18T00:00:00,Shipped,S,CS-24002,Valley Supply Co.,VALLEY,Valley Supply Co.,5131.6583,L500,WILL CALL @ PSS,,Kent,WA,98032,468,O-0001473,PO# 7035673,AANX,RB0560,Rebar Black #5 Grade 60,Inventory,Bar,Rebar Category,5,60,1144.0,lbs,1168.16,lbs
470,KEN,Kent,ST-491,2024-04-18T00:00:00,2024-04-18T00:00:00,Shipped,S,CS-24000,Cash Sales,CASH,Cash Sales,908.9991,L512,Will Call,,Kent,WA,98032,470,O-0001499,PO# GRAHAM,AAOB,RB0460-20,Rebar Black #4 Gr 60 20',Inventory,Bar,Rebar Category,4,60,2004.0,lbs,2004.0,lbs
