[{"ShipKey":449,"ERPKey":10,"FabLocID":"KEN","FabLocName":"Kent","BillingLocID":"KEN","BillingLocName":"Kent","SalesLocID":"KEN","SalesLocName":"Kent","WarehouseID":null,"WarehouseName":null,"ShipID":"ST-469","ActualShipDate":"2024-04-17T00:00:00","ShipDate":"2024-04-18T00:00:00","Posted":false,"ActualPostDate":null,"ShipStatusDescr":"Shipped","ShipStatusID":"S","JobID":"CS-24045","JobName":"LMC South Park","CustomerID":"STEGIN","CustomerName":"Stegin Structural Concrete","PurchaseOrder":null,"ShipmentComment":null,"LoadID":"L496","ShippingMethod":"Customer Pick-Up","StopNum":1,"ShipWeight":224.451100000000,"LastModified":"2024-04-23T14:48:36.0396316+00:00","Created":"2024-04-17T15:48:20.9209174+00:00","ShipAddressLine1":"Will Call @ PSS","ShipAddressLine2":null,"ShipAddressLine3":null,"ShipAddressLine4":null,"ShipAddressLine5":null,"ShipAddressCity":"Kent","ShipAddressState":"WA","ShipAddressPostalCode":"98032","ShipContactFirstName":null,"ShipContactMiddleName":null,"ShipContactLastName":null,"ShipContactPrefix":null,"ShipContactTitle":null,"ShippingTicketLines":[{"ShipKey":449,"ShipItemAccumKey":9803,"ShipID":"ST-469","OrderID":"O-0001463","OrderDescr":"Stair Footings","CtrlCode":"AANT","ElementID":"01","ElementDesc":null,"Product":"RB0360","ProductDescr":"Rebar Black #3 Grade 60","ProductType":"Inventory","ProductLongDescr":null,"ProductComment":null,"ProductClass":"RB","ProductClassDescr":"Rebar Black","ProductCategory":"Bar","ProductCategoryDescr":"Rebar Category","ProductCategoryTypeKey":1,"ProductCategoryType":"Rebar","BarSizeID":"3","GradeID":"60","InventoryQty":142.000000000000,"InventoryUM":"lbs","SalesQty":142.130000000000,"SalesUM":"lbs","WarehouseID":"WKENT","WarehouseName":"Kent Warehouse","BinID":"Default","AreaID":null,"AreaDescr":null,"ZoneID":null,"ZoneDescr":null,"TagID":3,"BarcodeID":"00025810003","Weight":64.469100000000,"WeightUM":"Kgs","WBSLevelKey":null,"WBSLevelID":null,"ItemTagColor1":null,"ItemTagColor2":null,"ItemTagSymbol1":null,"ItemTagSymbol2":null,"FabClass":"L","FabClassDescr":"Light","IsGradeSubstituted":true,"ReasonCodeID":null,"ReasonCodeDescr":null,"ReasonCodeUpdateJob":null,"ReasonCodeUpdateInvt":null,"ReasonCodeBillable":null,"ReasonCodeExtraToJob":null,"HeatData":[{"RowID":12001,"ShipItemAccumKey":9803,"HeatID":"3500036926","MillID":"Nuc UTH/SEA/KIN","MillDescr":"Nucor Steel","VendorID":null,"VendorName":null,"InvtProductID":"RB03706-60","InvtProductDescr":"Rebar Black #3 Gr A706 60'","InvtProductClassID":"RB","InvtProductClassDescr":"Rebar Black","InvtTagKey":1847,"InvtTagID":"350101955239","CtgID":"N","CtgDescr":"None","PostFabCoating":null,"IsCoil":false}],"ShipLineComponents":[],"PlacingCodeData":[]},{"ShipKey":449,"ShipItemAccumKey":9804,"ShipID":"ST-469","OrderID":"O-0001463","OrderDescr":"Stair Footings","CtrlCode":"AANT","ElementID":"01","ElementDesc":null,"Product":"RB0460","ProductDescr":"Rebar Black #4 Grade 60","ProductType":"Inventory","ProductLongDescr":null,"ProductComment":null,"ProductClass":"RB","ProductClassDescr":"Rebar Black","ProductCategory":"Bar","ProductCategoryDescr":"Rebar Category","ProductCategoryTypeKey":1,"ProductCategoryType":"Rebar","BarSizeID":"4","GradeID":"60","InventoryQty":273.000000000000,"InventoryUM":"lbs","SalesQty":272.540000000000,"SalesUM":"lbs","WarehouseID":"WKENT","WarehouseName":"Kent Warehouse","BinID":"Default","AreaID":null,"AreaDescr":null,"ZoneID":null,"ZoneDescr":null,"TagID":1,"BarcodeID":"00025810001","Weight":123.622100000000,"WeightUM":"Kgs","WBSLevelKey":null,"WBSLevelID":null,"ItemTagColor1":null,"ItemTagColor2":null,"ItemTagSymbol1":null,"ItemTagSymbol2":null,"FabClass":"S","FabClassDescr":"Straight","IsGradeSubstituted":null,"ReasonCodeID":null,"ReasonCodeDescr":null,"ReasonCodeUpdateJob":null,"ReasonCodeUpdateInvt":null,"ReasonCodeBillable":null,"ReasonCodeExtraToJob":null,"HeatData":[{"RowID":11995,"ShipItemAccumKey":9804,"HeatID":"3500037088","MillID":"Nuc UTH/SEA/KIN","MillDescr":"Nucor Steel","VendorID":null,"VendorName":null,"InvtProductID":"RB0460-60","InvtProductDescr":"Rebar Black #4 Gr 60 60'","InvtProductClassID":"RB","InvtProductClassDescr":"Rebar Black","InvtTagKey":1876,"InvtTagID":"350101957410","CtgID":"N","CtgDescr":"None","PostFabCoating":null,"IsCoil":false}],"ShipLineComponents":[],"PlacingCodeData":[]},{"ShipKey":449,"ShipItemAccumKey":9805,"ShipID":"ST-469","OrderID":"O-0001463","OrderDescr":"Stair Footings","CtrlCode":"AANT","ElementID":"01","ElementDesc":null,"Product":"RB0460","ProductDescr":"Rebar Black #4 Grade 60","ProductType":"Inventory","ProductLongDescr":null,"ProductComment":null,"ProductClass":"RB","ProductClassDescr":"Rebar Black","ProductCategory":"Bar","ProductCategoryDescr":"Rebar Category","ProductCategoryTypeKey":1,"ProductCategoryType":"Rebar","BarSizeID":"4","GradeID":"60","InventoryQty":80.000000000000,"InventoryUM":"lbs","SalesQty":80.160000000000,"SalesUM":"lbs","WarehouseID":"WKENT","WarehouseName":"Kent Warehouse","BinID":"Default","AreaID":null,"AreaDescr":null,"ZoneID":null,"ZoneDescr":null,"TagID":2,"BarcodeID":"00025810002","Weight":36.360000000000,"WeightUM":"Kgs","WBSLevelKey":null,"WBSLevelID":null,"ItemTagColor1":null,"ItemTagColor2":null,"ItemTagSymbol1":null,"ItemTagSymbol2":null,"FabClass":"S","FabClassDescr":"Straight","IsGradeSubstituted":null,"ReasonCodeID":null,"ReasonCodeDescr":null,"ReasonCodeUpdateJob":null,"ReasonCodeUpdateInvt":null,"ReasonCodeBillable":null,"ReasonCodeExtraToJob":null,"HeatData":[{"RowID":12118,"ShipItemAccumKey":9805,"HeatID":"3500036613","MillID":"Nuc UTH/SEA/KIN","MillDescr":"Nucor Steel","VendorID":null,"VendorName":null,"InvtProductID":"RB0460-60","InvtProductDescr":"Rebar Black #4 Gr 60 60'","InvtProductClassID":"RB","InvtProductClassDescr":"Rebar Black","InvtTagKey":1829,"InvtTagID":"350101942270","CtgID":"N","CtgDescr":"None","PostFabCoating":null,"IsCoil":false}],"ShipLineComponents":[],"PlacingCodeData":[]}],"Orders":[{"ShipKey":449,"OrderKey":1222,"OrderID":"O-0001463","CtrlCode":"AANT","OrderStatusID":"S","ReleaseID":"4","ReleaseSubNum":null,"RevisionNum":null,"OrderDate":"2024-04-16T00:00:00","OrderDescr":"Stair Footings"}]}]